﻿<?xml version="1.0"?>
<!DOCTYPE Report
[
<!ELEMENT Report (General ,(Doc|BPT)) >
<!ATTLIST Report ver CDATA #REQUIRED tmZone CDATA #REQUIRED>

<!ELEMENT General ( DocLocation ) >
<!ATTLIST General productName CDATA #REQUIRED productVer CDATA #REQUIRED os CDATA #REQUIRED host CDATA #REQUIRED qcserver CDATA #IMPLIED qcproject CDATA #IMPLIED SolManSolutionId CDATA #IMPLIED SolManProjectId CDATA #IMPLIED SolManTestPlanId CDATA #IMPLIED SolManTestPackageId CDATA #IMPLIED SolManUserInfoData CDATA #IMPLIED  >

<!ELEMENT BPT (DName,Res,DVer?,TSet?,TInst?,NodeArgs,AdditionalInfo*,Doc*) >
<!ATTLIST BPT rID ID #REQUIRED >

<!ELEMENT Doc (DName,ConfName?,Res,DVer?,TSet?,TInst?,RunType?,DT?,AdditionalInfo*,Step*,DIter*,Step*,Action*,Doc*,Summary?,TestMaintenanceSummary*,NodeArgs?) >
<!ATTLIST Doc rID ID #REQUIRED type (Test|BC|BPTWrapperTest|Flow|Group|Action) "Test" productName CDATA #REQUIRED BCIter CDATA #IMPLIED >

<!ELEMENT RunType ( #PCDATA )>
<!ATTLIST RunType fmStep (False|True) "False" batch (False|True) "False" upDesc (False|True) "False" upChk (False|True) "False" upAS (False|True) "False">

<!ELEMENT DName ( #PCDATA ) >

<!ELEMENT ConfName ( #PCDATA ) >

<!ELEMENT Res ( #PCDATA ) >

<!ELEMENT AdditionalInfo (AdditionalDataName,AdditionalDataValue ) >

<!ELEMENT AdditionalDataName ( #PCDATA ) >

<!ELEMENT AdditionalDataValue ( #PCDATA ) >

<!ELEMENT DVer ( #PCDATA ) >

<!ELEMENT TSet ( #PCDATA ) >

<!ELEMENT TInst ( #PCDATA ) >

<!ELEMENT DIter (Step*,Action+,Summary?,NodeArgs)>
<!ATTLIST DIter rID ID #REQUIRED iterID CDATA #REQUIRED>

<!ELEMENT DocLocation ( #PCDATA )>

<!ELEMENT Action (AName,AIter*,(Step|HtmlStep|Action)*, Summary,ActionMaintenanceSummary*, NodeArgs ) >
<!ATTLIST Action rID ID #REQUIRED>

<!ELEMENT AIter ((Step|HtmlStep|Action)*,DataMapping?, Summary?,NodeArgs) >
<!ATTLIST AIter rID ID #REQUIRED iterID CDATA #REQUIRED isCountable (False|True) "False" >

<!ELEMENT AName ( #PCDATA ) >

<!ELEMENT TestMaintenanceSummary (ActionMaintenanceSummary*) >
<!ATTLIST TestMaintenanceSummary ObjectsAdded CDATA #REQUIRED ObjectsUpdated CDATA #REQUIRED StepsUpdated CDATA #REQUIRED StepsComments CDATA #REQUIRED><!ELEMENT ActionMaintenanceSummary (ObjectChange* ) >
<!ATTLIST ActionMaintenanceSummary Action CDATA #REQUIRED Objects CDATA #REQUIRED Updated CDATA #REQUIRED LinesTotal CDATA #REQUIRED Added CDATA #REQUIRED LinesUpdated CDATA #REQUIRED>

<!ELEMENT ObjectChange  (Hierarchy, PropertyChangeList* ) >
<!ATTLIST ObjectChange Operation CDATA #IMPLIED OriginalRepository CDATA #IMPLIED>

<!ELEMENT PropertyChangeList (PropertyDef*) >

<!ELEMENT PropertyDef (OriginalValue, NewValue) >
<!ATTLIST PropertyDef PropName CDATA #REQUIRED OriginRegularExpression (True|False) "False" NewRegularExpression (True|False) "False" AddedProperty (True|False) "False" >

<!ELEMENT OriginalValue ( #PCDATA )>

<!ELEMENT NewValue ( #PCDATA )>

<!ELEMENT Hierarchy  (ObjectName, Hierarchy*) >
<!ATTLIST Hierarchy MicClass CDATA #REQUIRED>

<!ELEMENT ObjectName  ( #PCDATA ) >

<!ELEMENT Step (Obj,Details,Time,TimeTick* ,(Step|HtmlStep|Doc)*, DataMapping?, NodeArgs) >
<!ATTLIST Step rID ID #REQUIRED retval CDATA #IMPLIED>

<!ELEMENT HtmlStep (HTML,TimeTick*,(Step|HtmlStep|Doc)*,NodeArgs) >
<!ATTLIST HtmlStep rID ID #REQUIRED >

<!ELEMENT Obj ( #PCDATA ) >
<!ATTLIST Obj plainTxt (False|True) "True">

<!ELEMENT Details ( #PCDATA ) >
<!ATTLIST Details plainTxt (False|True) "True">

<!ELEMENT Time ( #PCDATA ) >

<!ELEMENT HTML ( #PCDATA ) >

<!ELEMENT Disp ( #PCDATA ) >

<!ELEMENT TimeTick ( #PCDATA ) >

<!ELEMENT DataMapping ( DataMappedItem* )>
<!ELEMENT DataMappedItem EMPTY >
<!ATTLIST DataMappedItem dsName CDATA #REQUIRED >
<!ATTLIST DataMappedItem rowId CDATA #REQUIRED >

<!ELEMENT NodeArgs (Disp,TopPane?,BtmPane?,ExtendedInfo? )>
<!ATTLIST NodeArgs eType CDATA #REQUIRED icon CDATA #REQUIRED nRep CDATA #REQUIRED UserNote CDATA #IMPLIED filter (False|True) "True">
<!ATTLIST NodeArgs status (Passed|Failed|Done|Warning|Information) "Done">
<!ATTLIST NodeArgs iconSel CDATA #IMPLIED nType CDATA #IMPLIED MovieMarker CDATA "">
<!ATTLIST NodeArgs Source CDATA #IMPLIED SourceLine CDATA #IMPLIED StepFlowItemKey CDATA #IMPLIED >

<!ELEMENT TopPane (Path)>

<!ELEMENT BtmPane ( (Path|WR)?,ASHilite?)>
<!ATTLIST BtmPane vType CDATA "HTML">

<!ELEMENT Path ( #PCDATA ) >

<!ELEMENT ASHilite ( #PCDATA ) >

<!ELEMENT WR ( #PCDATA ) >

<!ELEMENT ExtendedInfo ( StepData ) >

<!ATTLIST ExtendedInfo StepType CDATA #REQUIRED>
<!ELEMENT DT (NodeArgs) >
<!ATTLIST DT rID ID #REQUIRED>

<!ELEMENT Summary (Param*)>
<!ATTLIST Summary sTime CDATA #IMPLIED eTime CDATA #IMPLIED passed CDATA #IMPLIED failed CDATA #IMPLIED warnings CDATA #IMPLIED retval CDATA #IMPLIED stopped (False|True) "False" >

<!ELEMENT Param (ParamName,ParamVal)+ >
<!ATTLIST Param paramInOut (In|Out) "In">

<!ELEMENT ParamName ( #PCDATA ) >

<!ELEMENT ParamVal ( #PCDATA ) >

]
>
<Report ver="2.0" tmZone="Саратов (зима)">
<General productName="Vugen" productVer="2021" os="" host="DESKTOP-33HUMDG"><DocLocation><![CDATA[C:\Users\Mrart\OneDrive\Documents\VuGen\Scripts\itinerary2]]></DocLocation></General>
<Doc rID="T1"   productName= "Vugen"  >
<DName><![CDATA[itinerary2]]></DName>
<Res><![CDATA[result1]]></Res>
<Action rID="T2">
<AName><![CDATA[vuser_init]]></AName>
<Summary sTime="17.04.2023 - 22:38:21" eTime="17.04.2023 - 22:38:21" passed="0" failed="0" warnings="0" ></Summary>
<NodeArgs eType="StartAction" icon="2" nRep="5" >
<Disp><![CDATA[vuser_init Summary]]></Disp>
</NodeArgs>
</Action>
<DIter rID="T3" iterID="1" >
<Action rID="T4">
<AName><![CDATA[Action]]></AName>
<Step rID="T5">
<Obj plainTxt="False" ><![CDATA[Service: Reg Find]]></Obj>
<Details plainTxt="False" ><![CDATA[<CENTER><STRONG><FONT COLOR=#00AF00>Text/IC=Web Tours Navigation Bar</FONT></STRONG></CENTER>]]></Details>
<Time><![CDATA[17.04.2023 - 22:38:21]]></Time>
<TimeTick>1681756701</TimeTick>
<NodeArgs eType="General" icon="4" nRep="9" >
<Disp><![CDATA[Service: Reg Find]]></Disp>
</NodeArgs>
</Step>
<Step rID="T6">
<Obj plainTxt="False" ><![CDATA[Service: Set Sockets Option]]></Obj>
<Details plainTxt="False" ><![CDATA[<CENTER>Set socket option <STRONG><FONT COLOR=#00AF00>SSL_VERSION</FONT></STRONG> with value <STRONG><FONT COLOR=#00AF00>AUTO</FONT></STRONG></CENTER>]]></Details>
<Time><![CDATA[17.04.2023 - 22:38:21]]></Time>
<TimeTick>1681756701</TimeTick>
<NodeArgs eType="General" icon="5" nRep="10" >
<Disp><![CDATA[Service: Set Sockets Option]]></Disp>
</NodeArgs>
</Step>
<Step rID="T7">
<Obj plainTxt="False" ><![CDATA[Service: Add Cookie]]></Obj>
<Details plainTxt="False" ><![CDATA[<CENTER>Add the following cookie: <STRONG><FONT COLOR=#00AF00>googtrans=/auto/ru; DOMAIN=localhost</FONT></STRONG></CENTER>]]></Details>
<Time><![CDATA[17.04.2023 - 22:38:21]]></Time>
<TimeTick>1681756701</TimeTick>
<NodeArgs eType="General" icon="6" nRep="11" >
<Disp><![CDATA[Service: Add Cookie]]></Disp>
</NodeArgs>
</Step>
<Step rID="T8">
<Obj plainTxt="False" ><![CDATA[Service: Add Cookie]]></Obj>
<Details plainTxt="False" ><![CDATA[<CENTER>Add the following cookie: <STRONG><FONT COLOR=#00AF00>MSO=SID&1681753212; DOMAIN=localhost</FONT></STRONG></CENTER>]]></Details>
<Time><![CDATA[17.04.2023 - 22:38:21]]></Time>
<TimeTick>1681756701</TimeTick>
<NodeArgs eType="General" icon="6" nRep="12" >
<Disp><![CDATA[Service: Add Cookie]]></Disp>
</NodeArgs>
</Step>
<Step rID="T9">
<Obj plainTxt="False" ><![CDATA[Service: Add Auto Header]]></Obj>
<Details plainTxt="False" ><![CDATA[<CENTER>Add the following header to all subsequent HTTP requests :<BR><STRONG><FONT COLOR=#00AF00>Sec-Fetch-Dest: frame</FONT></STRONG></CENTER>]]></Details>
<Time><![CDATA[17.04.2023 - 22:38:21]]></Time>
<TimeTick>1681756701</TimeTick>
<NodeArgs eType="General" icon="7" nRep="13" >
<Disp><![CDATA[Service: Add Auto Header]]></Disp>
</NodeArgs>
</Step>
<Step rID="T10">
<Obj plainTxt="False" ><![CDATA[Service: Add Auto Header]]></Obj>
<Details plainTxt="False" ><![CDATA[<CENTER>Add the following header to all subsequent HTTP requests :<BR><STRONG><FONT COLOR=#00AF00>Sec-Fetch-Mode: navigate</FONT></STRONG></CENTER>]]></Details>
<Time><![CDATA[17.04.2023 - 22:38:21]]></Time>
<TimeTick>1681756701</TimeTick>
<NodeArgs eType="General" icon="7" nRep="14" >
<Disp><![CDATA[Service: Add Auto Header]]></Disp>
</NodeArgs>
</Step>
<Step rID="T11">
<Obj plainTxt="False" ><![CDATA[Service: Add Auto Header]]></Obj>
<Details plainTxt="False" ><![CDATA[<CENTER>Add the following header to all subsequent HTTP requests :<BR><STRONG><FONT COLOR=#00AF00>Sec-Fetch-Site: same-origin</FONT></STRONG></CENTER>]]></Details>
<Time><![CDATA[17.04.2023 - 22:38:21]]></Time>
<TimeTick>1681756701</TimeTick>
<NodeArgs eType="General" icon="7" nRep="15" >
<Disp><![CDATA[Service: Add Auto Header]]></Disp>
</NodeArgs>
</Step>
<Step rID="T12">
<Obj plainTxt="False" ><![CDATA[Service: Add Auto Header]]></Obj>
<Details plainTxt="False" ><![CDATA[<CENTER>Add the following header to all subsequent HTTP requests :<BR><STRONG><FONT COLOR=#00AF00>Upgrade-Insecure-Requests: 1</FONT></STRONG></CENTER>]]></Details>
<Time><![CDATA[17.04.2023 - 22:38:21]]></Time>
<TimeTick>1681756701</TimeTick>
<NodeArgs eType="General" icon="7" nRep="16" >
<Disp><![CDATA[Service: Add Auto Header]]></Disp>
</NodeArgs>
</Step>
<Step rID="T13">
<Obj plainTxt="False" ><![CDATA[Service: Add Auto Header]]></Obj>
<Details plainTxt="False" ><![CDATA[<CENTER>Add the following header to all subsequent HTTP requests :<BR><STRONG><FONT COLOR=#00AF00>sec-ch-ua: "Chromium";v="112", "Google Chrome";v="112", "Not:A-Brand";v="99"</FONT></STRONG></CENTER>]]></Details>
<Time><![CDATA[17.04.2023 - 22:38:21]]></Time>
<TimeTick>1681756701</TimeTick>
<NodeArgs eType="General" icon="7" nRep="17" >
<Disp><![CDATA[Service: Add Auto Header]]></Disp>
</NodeArgs>
</Step>
<Step rID="T14">
<Obj plainTxt="False" ><![CDATA[Service: Add Auto Header]]></Obj>
<Details plainTxt="False" ><![CDATA[<CENTER>Add the following header to all subsequent HTTP requests :<BR><STRONG><FONT COLOR=#00AF00>sec-ch-ua-mobile: ?0</FONT></STRONG></CENTER>]]></Details>
<Time><![CDATA[17.04.2023 - 22:38:21]]></Time>
<TimeTick>1681756701</TimeTick>
<NodeArgs eType="General" icon="7" nRep="18" >
<Disp><![CDATA[Service: Add Auto Header]]></Disp>
</NodeArgs>
</Step>
<Step rID="T15">
<Obj plainTxt="False" ><![CDATA[Service: Add Auto Header]]></Obj>
<Details plainTxt="False" ><![CDATA[<CENTER>Add the following header to all subsequent HTTP requests :<BR><STRONG><FONT COLOR=#00AF00>sec-ch-ua-platform: "Windows"</FONT></STRONG></CENTER>]]></Details>
<Time><![CDATA[17.04.2023 - 22:38:22]]></Time>
<TimeTick>1681756702</TimeTick>
<NodeArgs eType="General" icon="7" nRep="19" >
<Disp><![CDATA[Service: Add Auto Header]]></Disp>
</NodeArgs>
</Step>
<Step rID="T16">
<Obj plainTxt="False" ><![CDATA[Service: Reg Save Param Attrib]]></Obj>
<Details plainTxt="False" ><![CDATA[<CENTER>ParamName = <STRONG><FONT COLOR=#00AF00>userSession</FONT></STRONG><BR>TagName = <STRONG><FONT COLOR=#00AF00>input</FONT></STRONG><BR>Extract = <STRONG><FONT COLOR=#00AF00>value</FONT></STRONG></CENTER>]]></Details>
<Time><![CDATA[17.04.2023 - 22:38:22]]></Time>
<TimeTick>1681756702</TimeTick>
<NodeArgs eType="General" icon="8" nRep="20" >
<Disp><![CDATA[Service: Reg Save Param Attrib]]></Disp>
</NodeArgs>
</Step>
<Step rID="T17">
<Obj plainTxt="False" ><![CDATA[Url: welcome.pl]]></Obj>
<Details plainTxt="False" ><![CDATA[<CENTER><STRONG><FONT COLOR=#009A63>Step completed successfully</FONT></STRONG></CENTER>]]></Details>
<Time><![CDATA[17.04.2023 - 22:38:22]]></Time>
<TimeTick>1681756702</TimeTick>
<NodeArgs eType="General" icon="9" nRep="21" status="Passed" >
<Disp><![CDATA[Url: welcome.pl]]></Disp>
<BtmPane vType="HTMLSNSH" >
<Path><![CDATA[\Iteration1\t2.inf]]></Path>
</BtmPane>
</NodeArgs>
</Step>
<Step rID="T18">
<Obj plainTxt="False" ><![CDATA[Service: Reg Find]]></Obj>
<Details plainTxt="False" ><![CDATA[<CENTER><STRONG><FONT COLOR=#00AF00>Text/IC=Welcome, <b>tom</b>, to the Web Tours</FONT></STRONG></CENTER>]]></Details>
<Time><![CDATA[17.04.2023 - 22:38:22]]></Time>
<TimeTick>1681756702</TimeTick>
<NodeArgs eType="General" icon="4" nRep="22" >
<Disp><![CDATA[Service: Reg Find]]></Disp>
</NodeArgs>
</Step>
<Step rID="T19">
<Obj plainTxt="False" ><![CDATA[Service: Add Header]]></Obj>
<Details plainTxt="False" ><![CDATA[<CENTER>Add the following header to the next HTTP request :<BR><STRONG><FONT COLOR=#00AF00>Origin: http://localhost:1080</FONT></STRONG></CENTER>]]></Details>
<Time><![CDATA[17.04.2023 - 22:38:22]]></Time>
<TimeTick>1681756702</TimeTick>
<NodeArgs eType="General" icon="10" nRep="23" >
<Disp><![CDATA[Service: Add Header]]></Disp>
</NodeArgs>
</Step>
<Step rID="T20">
<Obj plainTxt="False" ><![CDATA[Service: Add Auto Header]]></Obj>
<Details plainTxt="False" ><![CDATA[<CENTER>Add the following header to all subsequent HTTP requests :<BR><STRONG><FONT COLOR=#00AF00>Sec-Fetch-User: ?1</FONT></STRONG></CENTER>]]></Details>
<Time><![CDATA[17.04.2023 - 22:38:22]]></Time>
<TimeTick>1681756702</TimeTick>
<NodeArgs eType="General" icon="7" nRep="24" >
<Disp><![CDATA[Service: Add Auto Header]]></Disp>
</NodeArgs>
</Step>
<Step rID="T21">
<Obj plainTxt="False" ><![CDATA[Submit Data: login.pl]]></Obj>
<Details plainTxt="False" ><![CDATA[<CENTER><STRONG><FONT COLOR=#009A63>Step completed successfully</FONT></STRONG></CENTER>]]></Details>
<Time><![CDATA[17.04.2023 - 22:38:22]]></Time>
<TimeTick>1681756702</TimeTick>
<NodeArgs eType="General" icon="11" nRep="25" status="Passed" >
<Disp><![CDATA[Submit Data: login.pl]]></Disp>
<BtmPane vType="HTMLSNSH" >
<Path><![CDATA[\Iteration1\t3.inf]]></Path>
</BtmPane>
</NodeArgs>
</Step>
<Step rID="T22">
<Obj plainTxt="False" ><![CDATA[Service: Reg Find]]></Obj>
<Details plainTxt="False" ><![CDATA[<CENTER><STRONG><FONT COLOR=#00AF00>Text/IC=Flight Transaction Summary</FONT></STRONG></CENTER>]]></Details>
<Time><![CDATA[17.04.2023 - 22:38:23]]></Time>
<TimeTick>1681756703</TimeTick>
<NodeArgs eType="General" icon="4" nRep="26" >
<Disp><![CDATA[Service: Reg Find]]></Disp>
</NodeArgs>
</Step>
<Step rID="T23">
<Obj plainTxt="False" ><![CDATA[Service: Remove/Revert Auto Header]]></Obj>
<Details plainTxt="False" ><![CDATA[<CENTER>Remove/revert <BR><STRONG><FONT COLOR=#00AF00>Sec-Fetch-User</FONT></STRONG> header, implicit generation: <STRONG>Yes</STRONG></CENTER>]]></Details>
<Time><![CDATA[17.04.2023 - 22:38:23]]></Time>
<TimeTick>1681756703</TimeTick>
<NodeArgs eType="General" icon="5" nRep="27" >
<Disp><![CDATA[Service: Remove/Revert Auto Header]]></Disp>
</NodeArgs>
</Step>
<Step rID="T24">
<Obj plainTxt="False" ><![CDATA[Url: Itinerary Button]]></Obj>
<Details plainTxt="False" ><![CDATA[<CENTER><STRONG><FONT COLOR=#009A63>Step completed successfully</FONT></STRONG></CENTER>]]></Details>
<Time><![CDATA[17.04.2023 - 22:38:23]]></Time>
<TimeTick>1681756703</TimeTick>
<NodeArgs eType="General" icon="9" nRep="28" status="Passed" >
<Disp><![CDATA[Url: Itinerary Button]]></Disp>
<BtmPane vType="HTMLSNSH" >
<Path><![CDATA[\Iteration1\t4.inf]]></Path>
</BtmPane>
</NodeArgs>
</Step>
<Step rID="T25">
<Obj plainTxt="False" ><![CDATA[Service: Reg Find]]></Obj>
<Details plainTxt="False" ><![CDATA[<CENTER><STRONG><FONT COLOR=#00AF00>Text/IC=Home Frame</FONT></STRONG></CENTER>]]></Details>
<Time><![CDATA[17.04.2023 - 22:38:23]]></Time>
<TimeTick>1681756703</TimeTick>
<NodeArgs eType="General" icon="4" nRep="29" >
<Disp><![CDATA[Service: Reg Find]]></Disp>
</NodeArgs>
</Step>
<Step rID="T26">
<Obj plainTxt="False" ><![CDATA[Service: Add Header]]></Obj>
<Details plainTxt="False" ><![CDATA[<CENTER>Add the following header to the next HTTP request :<BR><STRONG><FONT COLOR=#00AF00>Sec-Fetch-User: ?1</FONT></STRONG></CENTER>]]></Details>
<Time><![CDATA[17.04.2023 - 22:38:23]]></Time>
<TimeTick>1681756703</TimeTick>
<NodeArgs eType="General" icon="10" nRep="30" >
<Disp><![CDATA[Service: Add Header]]></Disp>
</NodeArgs>
</Step>
<Step rID="T27">
<Obj plainTxt="False" ><![CDATA[Url: SignOff Button]]></Obj>
<Details plainTxt="False" ><![CDATA[<CENTER><STRONG><FONT COLOR=#009A63>Step completed successfully</FONT></STRONG></CENTER>]]></Details>
<Time><![CDATA[17.04.2023 - 22:38:23]]></Time>
<TimeTick>1681756703</TimeTick>
<NodeArgs eType="General" icon="9" nRep="31" status="Passed" >
<Disp><![CDATA[Url: SignOff Button]]></Disp>
<BtmPane vType="HTMLSNSH" >
<Path><![CDATA[\Iteration1\t5.inf]]></Path>
</BtmPane>
</NodeArgs>
</Step>
<Summary sTime="17.04.2023 - 22:38:21" eTime="17.04.2023 - 22:38:23" passed="4" failed="0" warnings="0" ></Summary>
<NodeArgs eType="StartAction" icon="2" nRep="8" status="Passed" >
<Disp><![CDATA[Action Summary]]></Disp>
</NodeArgs>
</Action>
<NodeArgs eType="StartIteration" icon="3" nRep="7" status="Passed" >
<Disp><![CDATA[itinerary2 Iteration 1 (Row 1)]]></Disp>
</NodeArgs>
</DIter>
<DIter rID="T28" iterID="2" >
<Action rID="T29">
<AName><![CDATA[Action]]></AName>
<Step rID="T30">
<Obj plainTxt="False" ><![CDATA[Service: Reg Find]]></Obj>
<Details plainTxt="False" ><![CDATA[<CENTER><STRONG><FONT COLOR=#00AF00>Text/IC=Web Tours Navigation Bar</FONT></STRONG></CENTER>]]></Details>
<Time><![CDATA[17.04.2023 - 22:38:23]]></Time>
<TimeTick>1681756703</TimeTick>
<NodeArgs eType="General" icon="4" nRep="36" >
<Disp><![CDATA[Service: Reg Find]]></Disp>
</NodeArgs>
</Step>
<Step rID="T31">
<Obj plainTxt="False" ><![CDATA[Service: Set Sockets Option]]></Obj>
<Details plainTxt="False" ><![CDATA[<CENTER>Set socket option <STRONG><FONT COLOR=#00AF00>SSL_VERSION</FONT></STRONG> with value <STRONG><FONT COLOR=#00AF00>AUTO</FONT></STRONG></CENTER>]]></Details>
<Time><![CDATA[17.04.2023 - 22:38:23]]></Time>
<TimeTick>1681756703</TimeTick>
<NodeArgs eType="General" icon="5" nRep="37" >
<Disp><![CDATA[Service: Set Sockets Option]]></Disp>
</NodeArgs>
</Step>
<Step rID="T32">
<Obj plainTxt="False" ><![CDATA[Service: Add Cookie]]></Obj>
<Details plainTxt="False" ><![CDATA[<CENTER>Add the following cookie: <STRONG><FONT COLOR=#00AF00>googtrans=/auto/ru; DOMAIN=localhost</FONT></STRONG></CENTER>]]></Details>
<Time><![CDATA[17.04.2023 - 22:38:23]]></Time>
<TimeTick>1681756703</TimeTick>
<NodeArgs eType="General" icon="6" nRep="38" >
<Disp><![CDATA[Service: Add Cookie]]></Disp>
</NodeArgs>
</Step>
<Step rID="T33">
<Obj plainTxt="False" ><![CDATA[Service: Add Cookie]]></Obj>
<Details plainTxt="False" ><![CDATA[<CENTER>Add the following cookie: <STRONG><FONT COLOR=#00AF00>MSO=SID&1681753212; DOMAIN=localhost</FONT></STRONG></CENTER>]]></Details>
<Time><![CDATA[17.04.2023 - 22:38:23]]></Time>
<TimeTick>1681756703</TimeTick>
<NodeArgs eType="General" icon="6" nRep="39" >
<Disp><![CDATA[Service: Add Cookie]]></Disp>
</NodeArgs>
</Step>
<Step rID="T34">
<Obj plainTxt="False" ><![CDATA[Service: Add Auto Header]]></Obj>
<Details plainTxt="False" ><![CDATA[<CENTER>Add the following header to all subsequent HTTP requests :<BR><STRONG><FONT COLOR=#00AF00>Sec-Fetch-Dest: frame</FONT></STRONG></CENTER>]]></Details>
<Time><![CDATA[17.04.2023 - 22:38:23]]></Time>
<TimeTick>1681756703</TimeTick>
<NodeArgs eType="General" icon="7" nRep="40" >
<Disp><![CDATA[Service: Add Auto Header]]></Disp>
</NodeArgs>
</Step>
<Step rID="T35">
<Obj plainTxt="False" ><![CDATA[Service: Add Auto Header]]></Obj>
<Details plainTxt="False" ><![CDATA[<CENTER>Add the following header to all subsequent HTTP requests :<BR><STRONG><FONT COLOR=#00AF00>Sec-Fetch-Mode: navigate</FONT></STRONG></CENTER>]]></Details>
<Time><![CDATA[17.04.2023 - 22:38:23]]></Time>
<TimeTick>1681756703</TimeTick>
<NodeArgs eType="General" icon="7" nRep="41" >
<Disp><![CDATA[Service: Add Auto Header]]></Disp>
</NodeArgs>
</Step>
<Step rID="T36">
<Obj plainTxt="False" ><![CDATA[Service: Add Auto Header]]></Obj>
<Details plainTxt="False" ><![CDATA[<CENTER>Add the following header to all subsequent HTTP requests :<BR><STRONG><FONT COLOR=#00AF00>Sec-Fetch-Site: same-origin</FONT></STRONG></CENTER>]]></Details>
<Time><![CDATA[17.04.2023 - 22:38:23]]></Time>
<TimeTick>1681756703</TimeTick>
<NodeArgs eType="General" icon="7" nRep="42" >
<Disp><![CDATA[Service: Add Auto Header]]></Disp>
</NodeArgs>
</Step>
<Step rID="T37">
<Obj plainTxt="False" ><![CDATA[Service: Add Auto Header]]></Obj>
<Details plainTxt="False" ><![CDATA[<CENTER>Add the following header to all subsequent HTTP requests :<BR><STRONG><FONT COLOR=#00AF00>Upgrade-Insecure-Requests: 1</FONT></STRONG></CENTER>]]></Details>
<Time><![CDATA[17.04.2023 - 22:38:23]]></Time>
<TimeTick>1681756703</TimeTick>
<NodeArgs eType="General" icon="7" nRep="43" >
<Disp><![CDATA[Service: Add Auto Header]]></Disp>
</NodeArgs>
</Step>
<Step rID="T38">
<Obj plainTxt="False" ><![CDATA[Service: Add Auto Header]]></Obj>
<Details plainTxt="False" ><![CDATA[<CENTER>Add the following header to all subsequent HTTP requests :<BR><STRONG><FONT COLOR=#00AF00>sec-ch-ua: "Chromium";v="112", "Google Chrome";v="112", "Not:A-Brand";v="99"</FONT></STRONG></CENTER>]]></Details>
<Time><![CDATA[17.04.2023 - 22:38:23]]></Time>
<TimeTick>1681756703</TimeTick>
<NodeArgs eType="General" icon="7" nRep="44" >
<Disp><![CDATA[Service: Add Auto Header]]></Disp>
</NodeArgs>
</Step>
<Step rID="T39">
<Obj plainTxt="False" ><![CDATA[Service: Add Auto Header]]></Obj>
<Details plainTxt="False" ><![CDATA[<CENTER>Add the following header to all subsequent HTTP requests :<BR><STRONG><FONT COLOR=#00AF00>sec-ch-ua-mobile: ?0</FONT></STRONG></CENTER>]]></Details>
<Time><![CDATA[17.04.2023 - 22:38:23]]></Time>
<TimeTick>1681756703</TimeTick>
<NodeArgs eType="General" icon="7" nRep="45" >
<Disp><![CDATA[Service: Add Auto Header]]></Disp>
</NodeArgs>
</Step>
<Step rID="T40">
<Obj plainTxt="False" ><![CDATA[Service: Add Auto Header]]></Obj>
<Details plainTxt="False" ><![CDATA[<CENTER>Add the following header to all subsequent HTTP requests :<BR><STRONG><FONT COLOR=#00AF00>sec-ch-ua-platform: "Windows"</FONT></STRONG></CENTER>]]></Details>
<Time><![CDATA[17.04.2023 - 22:38:23]]></Time>
<TimeTick>1681756703</TimeTick>
<NodeArgs eType="General" icon="7" nRep="46" >
<Disp><![CDATA[Service: Add Auto Header]]></Disp>
</NodeArgs>
</Step>
<Step rID="T41">
<Obj plainTxt="False" ><![CDATA[Service: Reg Save Param Attrib]]></Obj>
<Details plainTxt="False" ><![CDATA[<CENTER>ParamName = <STRONG><FONT COLOR=#00AF00>userSession</FONT></STRONG><BR>TagName = <STRONG><FONT COLOR=#00AF00>input</FONT></STRONG><BR>Extract = <STRONG><FONT COLOR=#00AF00>value</FONT></STRONG></CENTER>]]></Details>
<Time><![CDATA[17.04.2023 - 22:38:23]]></Time>
<TimeTick>1681756703</TimeTick>
<NodeArgs eType="General" icon="8" nRep="47" >
<Disp><![CDATA[Service: Reg Save Param Attrib]]></Disp>
</NodeArgs>
</Step>
<Step rID="T42">
<Obj plainTxt="False" ><![CDATA[Url: welcome.pl]]></Obj>
<Details plainTxt="False" ><![CDATA[<CENTER><STRONG><FONT COLOR=#009A63>Step completed successfully</FONT></STRONG></CENTER>]]></Details>
<Time><![CDATA[17.04.2023 - 22:38:24]]></Time>
<TimeTick>1681756704</TimeTick>
<NodeArgs eType="General" icon="9" nRep="48" status="Passed" >
<Disp><![CDATA[Url: welcome.pl]]></Disp>
<BtmPane vType="HTMLSNSH" >
<Path><![CDATA[\Iteration2\t2.inf]]></Path>
</BtmPane>
</NodeArgs>
</Step>
<Step rID="T43">
<Obj plainTxt="False" ><![CDATA[Service: Reg Find]]></Obj>
<Details plainTxt="False" ><![CDATA[<CENTER><STRONG><FONT COLOR=#00AF00>Text/IC=Welcome, <b>bill</b>, to the Web Tours</FONT></STRONG></CENTER>]]></Details>
<Time><![CDATA[17.04.2023 - 22:38:24]]></Time>
<TimeTick>1681756704</TimeTick>
<NodeArgs eType="General" icon="4" nRep="49" >
<Disp><![CDATA[Service: Reg Find]]></Disp>
</NodeArgs>
</Step>
<Step rID="T44">
<Obj plainTxt="False" ><![CDATA[Service: Add Header]]></Obj>
<Details plainTxt="False" ><![CDATA[<CENTER>Add the following header to the next HTTP request :<BR><STRONG><FONT COLOR=#00AF00>Origin: http://localhost:1080</FONT></STRONG></CENTER>]]></Details>
<Time><![CDATA[17.04.2023 - 22:38:24]]></Time>
<TimeTick>1681756704</TimeTick>
<NodeArgs eType="General" icon="10" nRep="50" >
<Disp><![CDATA[Service: Add Header]]></Disp>
</NodeArgs>
</Step>
<Step rID="T45">
<Obj plainTxt="False" ><![CDATA[Service: Add Auto Header]]></Obj>
<Details plainTxt="False" ><![CDATA[<CENTER>Add the following header to all subsequent HTTP requests :<BR><STRONG><FONT COLOR=#00AF00>Sec-Fetch-User: ?1</FONT></STRONG></CENTER>]]></Details>
<Time><![CDATA[17.04.2023 - 22:38:24]]></Time>
<TimeTick>1681756704</TimeTick>
<NodeArgs eType="General" icon="7" nRep="51" >
<Disp><![CDATA[Service: Add Auto Header]]></Disp>
</NodeArgs>
</Step>
<Step rID="T46">
<Obj plainTxt="False" ><![CDATA[Submit Data: login.pl]]></Obj>
<Details plainTxt="False" ><![CDATA[<CENTER><STRONG><FONT COLOR=#009A63>Step completed successfully</FONT></STRONG></CENTER>]]></Details>
<Time><![CDATA[17.04.2023 - 22:38:24]]></Time>
<TimeTick>1681756704</TimeTick>
<NodeArgs eType="General" icon="11" nRep="52" status="Passed" >
<Disp><![CDATA[Submit Data: login.pl]]></Disp>
<BtmPane vType="HTMLSNSH" >
<Path><![CDATA[\Iteration2\t3.inf]]></Path>
</BtmPane>
</NodeArgs>
</Step>
<Step rID="T47">
<Obj plainTxt="False" ><![CDATA[Service: Reg Find]]></Obj>
<Details plainTxt="False" ><![CDATA[<CENTER><STRONG><FONT COLOR=#00AF00>Text/IC=Flight Transaction Summary</FONT></STRONG></CENTER>]]></Details>
<Time><![CDATA[17.04.2023 - 22:38:24]]></Time>
<TimeTick>1681756704</TimeTick>
<NodeArgs eType="General" icon="4" nRep="53" >
<Disp><![CDATA[Service: Reg Find]]></Disp>
</NodeArgs>
</Step>
<Step rID="T48">
<Obj plainTxt="False" ><![CDATA[Service: Remove/Revert Auto Header]]></Obj>
<Details plainTxt="False" ><![CDATA[<CENTER>Remove/revert <BR><STRONG><FONT COLOR=#00AF00>Sec-Fetch-User</FONT></STRONG> header, implicit generation: <STRONG>Yes</STRONG></CENTER>]]></Details>
<Time><![CDATA[17.04.2023 - 22:38:24]]></Time>
<TimeTick>1681756704</TimeTick>
<NodeArgs eType="General" icon="5" nRep="54" >
<Disp><![CDATA[Service: Remove/Revert Auto Header]]></Disp>
</NodeArgs>
</Step>
<Step rID="T49">
<Obj plainTxt="False" ><![CDATA[Url: Itinerary Button]]></Obj>
<Details plainTxt="False" ><![CDATA[<CENTER><STRONG><FONT COLOR=#009A63>Step completed successfully</FONT></STRONG></CENTER>]]></Details>
<Time><![CDATA[17.04.2023 - 22:38:24]]></Time>
<TimeTick>1681756704</TimeTick>
<NodeArgs eType="General" icon="9" nRep="55" status="Passed" >
<Disp><![CDATA[Url: Itinerary Button]]></Disp>
<BtmPane vType="HTMLSNSH" >
<Path><![CDATA[\Iteration2\t4.inf]]></Path>
</BtmPane>
</NodeArgs>
</Step>
<Step rID="T50">
<Obj plainTxt="False" ><![CDATA[Service: Reg Find]]></Obj>
<Details plainTxt="False" ><![CDATA[<CENTER><STRONG><FONT COLOR=#00AF00>Text/IC=Home Frame</FONT></STRONG></CENTER>]]></Details>
<Time><![CDATA[17.04.2023 - 22:38:24]]></Time>
<TimeTick>1681756704</TimeTick>
<NodeArgs eType="General" icon="4" nRep="56" >
<Disp><![CDATA[Service: Reg Find]]></Disp>
</NodeArgs>
</Step>
<Step rID="T51">
<Obj plainTxt="False" ><![CDATA[Service: Add Header]]></Obj>
<Details plainTxt="False" ><![CDATA[<CENTER>Add the following header to the next HTTP request :<BR><STRONG><FONT COLOR=#00AF00>Sec-Fetch-User: ?1</FONT></STRONG></CENTER>]]></Details>
<Time><![CDATA[17.04.2023 - 22:38:25]]></Time>
<TimeTick>1681756705</TimeTick>
<NodeArgs eType="General" icon="10" nRep="57" >
<Disp><![CDATA[Service: Add Header]]></Disp>
</NodeArgs>
</Step>
<Step rID="T52">
<Obj plainTxt="False" ><![CDATA[Url: SignOff Button]]></Obj>
<Details plainTxt="False" ><![CDATA[<CENTER><STRONG><FONT COLOR=#009A63>Step completed successfully</FONT></STRONG></CENTER>]]></Details>
<Time><![CDATA[17.04.2023 - 22:38:25]]></Time>
<TimeTick>1681756705</TimeTick>
<NodeArgs eType="General" icon="9" nRep="58" status="Passed" >
<Disp><![CDATA[Url: SignOff Button]]></Disp>
<BtmPane vType="HTMLSNSH" >
<Path><![CDATA[\Iteration2\t5.inf]]></Path>
</BtmPane>
</NodeArgs>
</Step>
<Summary sTime="17.04.2023 - 22:38:23" eTime="17.04.2023 - 22:38:25" passed="4" failed="0" warnings="0" ></Summary>
<NodeArgs eType="StartAction" icon="2" nRep="35" status="Passed" >
<Disp><![CDATA[Action Summary]]></Disp>
</NodeArgs>
</Action>
<NodeArgs eType="StartIteration" icon="3" nRep="34" status="Passed" >
<Disp><![CDATA[itinerary2 Iteration 2 (Row 2)]]></Disp>
</NodeArgs>
</DIter>
<DIter rID="T53" iterID="3" >
<Action rID="T54">
<AName><![CDATA[Action]]></AName>
<Step rID="T55">
<Obj plainTxt="False" ><![CDATA[Service: Reg Find]]></Obj>
<Details plainTxt="False" ><![CDATA[<CENTER><STRONG><FONT COLOR=#00AF00>Text/IC=Web Tours Navigation Bar</FONT></STRONG></CENTER>]]></Details>
<Time><![CDATA[17.04.2023 - 22:38:25]]></Time>
<TimeTick>1681756705</TimeTick>
<NodeArgs eType="General" icon="4" nRep="63" >
<Disp><![CDATA[Service: Reg Find]]></Disp>
</NodeArgs>
</Step>
<Step rID="T56">
<Obj plainTxt="False" ><![CDATA[Service: Set Sockets Option]]></Obj>
<Details plainTxt="False" ><![CDATA[<CENTER>Set socket option <STRONG><FONT COLOR=#00AF00>SSL_VERSION</FONT></STRONG> with value <STRONG><FONT COLOR=#00AF00>AUTO</FONT></STRONG></CENTER>]]></Details>
<Time><![CDATA[17.04.2023 - 22:38:25]]></Time>
<TimeTick>1681756705</TimeTick>
<NodeArgs eType="General" icon="5" nRep="64" >
<Disp><![CDATA[Service: Set Sockets Option]]></Disp>
</NodeArgs>
</Step>
<Step rID="T57">
<Obj plainTxt="False" ><![CDATA[Service: Add Cookie]]></Obj>
<Details plainTxt="False" ><![CDATA[<CENTER>Add the following cookie: <STRONG><FONT COLOR=#00AF00>googtrans=/auto/ru; DOMAIN=localhost</FONT></STRONG></CENTER>]]></Details>
<Time><![CDATA[17.04.2023 - 22:38:25]]></Time>
<TimeTick>1681756705</TimeTick>
<NodeArgs eType="General" icon="6" nRep="65" >
<Disp><![CDATA[Service: Add Cookie]]></Disp>
</NodeArgs>
</Step>
<Step rID="T58">
<Obj plainTxt="False" ><![CDATA[Service: Add Cookie]]></Obj>
<Details plainTxt="False" ><![CDATA[<CENTER>Add the following cookie: <STRONG><FONT COLOR=#00AF00>MSO=SID&1681753212; DOMAIN=localhost</FONT></STRONG></CENTER>]]></Details>
<Time><![CDATA[17.04.2023 - 22:38:25]]></Time>
<TimeTick>1681756705</TimeTick>
<NodeArgs eType="General" icon="6" nRep="66" >
<Disp><![CDATA[Service: Add Cookie]]></Disp>
</NodeArgs>
</Step>
<Step rID="T59">
<Obj plainTxt="False" ><![CDATA[Service: Add Auto Header]]></Obj>
<Details plainTxt="False" ><![CDATA[<CENTER>Add the following header to all subsequent HTTP requests :<BR><STRONG><FONT COLOR=#00AF00>Sec-Fetch-Dest: frame</FONT></STRONG></CENTER>]]></Details>
<Time><![CDATA[17.04.2023 - 22:38:25]]></Time>
<TimeTick>1681756705</TimeTick>
<NodeArgs eType="General" icon="7" nRep="67" >
<Disp><![CDATA[Service: Add Auto Header]]></Disp>
</NodeArgs>
</Step>
<Step rID="T60">
<Obj plainTxt="False" ><![CDATA[Service: Add Auto Header]]></Obj>
<Details plainTxt="False" ><![CDATA[<CENTER>Add the following header to all subsequent HTTP requests :<BR><STRONG><FONT COLOR=#00AF00>Sec-Fetch-Mode: navigate</FONT></STRONG></CENTER>]]></Details>
<Time><![CDATA[17.04.2023 - 22:38:25]]></Time>
<TimeTick>1681756705</TimeTick>
<NodeArgs eType="General" icon="7" nRep="68" >
<Disp><![CDATA[Service: Add Auto Header]]></Disp>
</NodeArgs>
</Step>
<Step rID="T61">
<Obj plainTxt="False" ><![CDATA[Service: Add Auto Header]]></Obj>
<Details plainTxt="False" ><![CDATA[<CENTER>Add the following header to all subsequent HTTP requests :<BR><STRONG><FONT COLOR=#00AF00>Sec-Fetch-Site: same-origin</FONT></STRONG></CENTER>]]></Details>
<Time><![CDATA[17.04.2023 - 22:38:25]]></Time>
<TimeTick>1681756705</TimeTick>
<NodeArgs eType="General" icon="7" nRep="69" >
<Disp><![CDATA[Service: Add Auto Header]]></Disp>
</NodeArgs>
</Step>
<Step rID="T62">
<Obj plainTxt="False" ><![CDATA[Service: Add Auto Header]]></Obj>
<Details plainTxt="False" ><![CDATA[<CENTER>Add the following header to all subsequent HTTP requests :<BR><STRONG><FONT COLOR=#00AF00>Upgrade-Insecure-Requests: 1</FONT></STRONG></CENTER>]]></Details>
<Time><![CDATA[17.04.2023 - 22:38:25]]></Time>
<TimeTick>1681756705</TimeTick>
<NodeArgs eType="General" icon="7" nRep="70" >
<Disp><![CDATA[Service: Add Auto Header]]></Disp>
</NodeArgs>
</Step>
<Step rID="T63">
<Obj plainTxt="False" ><![CDATA[Service: Add Auto Header]]></Obj>
<Details plainTxt="False" ><![CDATA[<CENTER>Add the following header to all subsequent HTTP requests :<BR><STRONG><FONT COLOR=#00AF00>sec-ch-ua: "Chromium";v="112", "Google Chrome";v="112", "Not:A-Brand";v="99"</FONT></STRONG></CENTER>]]></Details>
<Time><![CDATA[17.04.2023 - 22:38:25]]></Time>
<TimeTick>1681756705</TimeTick>
<NodeArgs eType="General" icon="7" nRep="71" >
<Disp><![CDATA[Service: Add Auto Header]]></Disp>
</NodeArgs>
</Step>
<Step rID="T64">
<Obj plainTxt="False" ><![CDATA[Service: Add Auto Header]]></Obj>
<Details plainTxt="False" ><![CDATA[<CENTER>Add the following header to all subsequent HTTP requests :<BR><STRONG><FONT COLOR=#00AF00>sec-ch-ua-mobile: ?0</FONT></STRONG></CENTER>]]></Details>
<Time><![CDATA[17.04.2023 - 22:38:25]]></Time>
<TimeTick>1681756705</TimeTick>
<NodeArgs eType="General" icon="7" nRep="72" >
<Disp><![CDATA[Service: Add Auto Header]]></Disp>
</NodeArgs>
</Step>
<Step rID="T65">
<Obj plainTxt="False" ><![CDATA[Service: Add Auto Header]]></Obj>
<Details plainTxt="False" ><![CDATA[<CENTER>Add the following header to all subsequent HTTP requests :<BR><STRONG><FONT COLOR=#00AF00>sec-ch-ua-platform: "Windows"</FONT></STRONG></CENTER>]]></Details>
<Time><![CDATA[17.04.2023 - 22:38:25]]></Time>
<TimeTick>1681756705</TimeTick>
<NodeArgs eType="General" icon="7" nRep="73" >
<Disp><![CDATA[Service: Add Auto Header]]></Disp>
</NodeArgs>
</Step>
<Step rID="T66">
<Obj plainTxt="False" ><![CDATA[Service: Reg Save Param Attrib]]></Obj>
<Details plainTxt="False" ><![CDATA[<CENTER>ParamName = <STRONG><FONT COLOR=#00AF00>userSession</FONT></STRONG><BR>TagName = <STRONG><FONT COLOR=#00AF00>input</FONT></STRONG><BR>Extract = <STRONG><FONT COLOR=#00AF00>value</FONT></STRONG></CENTER>]]></Details>
<Time><![CDATA[17.04.2023 - 22:38:25]]></Time>
<TimeTick>1681756705</TimeTick>
<NodeArgs eType="General" icon="8" nRep="74" >
<Disp><![CDATA[Service: Reg Save Param Attrib]]></Disp>
</NodeArgs>
</Step>
<Step rID="T67">
<Obj plainTxt="False" ><![CDATA[Url: welcome.pl]]></Obj>
<Details plainTxt="False" ><![CDATA[<CENTER><STRONG><FONT COLOR=#009A63>Step completed successfully</FONT></STRONG></CENTER>]]></Details>
<Time><![CDATA[17.04.2023 - 22:38:25]]></Time>
<TimeTick>1681756705</TimeTick>
<NodeArgs eType="General" icon="9" nRep="75" status="Passed" >
<Disp><![CDATA[Url: welcome.pl]]></Disp>
<BtmPane vType="HTMLSNSH" >
<Path><![CDATA[\Iteration3\t2.inf]]></Path>
</BtmPane>
</NodeArgs>
</Step>
<Step rID="T68">
<Obj plainTxt="False" ><![CDATA[Service: Reg Find]]></Obj>
<Details plainTxt="False" ><![CDATA[<CENTER><STRONG><FONT COLOR=#00AF00>Text/IC=Welcome, <b>jojo</b>, to the Web Tours</FONT></STRONG></CENTER>]]></Details>
<Time><![CDATA[17.04.2023 - 22:38:25]]></Time>
<TimeTick>1681756705</TimeTick>
<NodeArgs eType="General" icon="4" nRep="76" >
<Disp><![CDATA[Service: Reg Find]]></Disp>
</NodeArgs>
</Step>
<Step rID="T69">
<Obj plainTxt="False" ><![CDATA[Service: Add Header]]></Obj>
<Details plainTxt="False" ><![CDATA[<CENTER>Add the following header to the next HTTP request :<BR><STRONG><FONT COLOR=#00AF00>Origin: http://localhost:1080</FONT></STRONG></CENTER>]]></Details>
<Time><![CDATA[17.04.2023 - 22:38:25]]></Time>
<TimeTick>1681756705</TimeTick>
<NodeArgs eType="General" icon="10" nRep="77" >
<Disp><![CDATA[Service: Add Header]]></Disp>
</NodeArgs>
</Step>
<Step rID="T70">
<Obj plainTxt="False" ><![CDATA[Service: Add Auto Header]]></Obj>
<Details plainTxt="False" ><![CDATA[<CENTER>Add the following header to all subsequent HTTP requests :<BR><STRONG><FONT COLOR=#00AF00>Sec-Fetch-User: ?1</FONT></STRONG></CENTER>]]></Details>
<Time><![CDATA[17.04.2023 - 22:38:25]]></Time>
<TimeTick>1681756705</TimeTick>
<NodeArgs eType="General" icon="7" nRep="78" >
<Disp><![CDATA[Service: Add Auto Header]]></Disp>
</NodeArgs>
</Step>
<Step rID="T71">
<Obj plainTxt="False" ><![CDATA[Submit Data: login.pl]]></Obj>
<Details plainTxt="False" ><![CDATA[<CENTER><STRONG><FONT COLOR=#009A63>Step completed successfully</FONT></STRONG></CENTER>]]></Details>
<Time><![CDATA[17.04.2023 - 22:38:26]]></Time>
<TimeTick>1681756706</TimeTick>
<NodeArgs eType="General" icon="11" nRep="79" status="Passed" >
<Disp><![CDATA[Submit Data: login.pl]]></Disp>
<BtmPane vType="HTMLSNSH" >
<Path><![CDATA[\Iteration3\t3.inf]]></Path>
</BtmPane>
</NodeArgs>
</Step>
<Step rID="T72">
<Obj plainTxt="False" ><![CDATA[Service: Reg Find]]></Obj>
<Details plainTxt="False" ><![CDATA[<CENTER><STRONG><FONT COLOR=#00AF00>Text/IC=Flight Transaction Summary</FONT></STRONG></CENTER>]]></Details>
<Time><![CDATA[17.04.2023 - 22:38:26]]></Time>
<TimeTick>1681756706</TimeTick>
<NodeArgs eType="General" icon="4" nRep="80" >
<Disp><![CDATA[Service: Reg Find]]></Disp>
</NodeArgs>
</Step>
<Step rID="T73">
<Obj plainTxt="False" ><![CDATA[Service: Remove/Revert Auto Header]]></Obj>
<Details plainTxt="False" ><![CDATA[<CENTER>Remove/revert <BR><STRONG><FONT COLOR=#00AF00>Sec-Fetch-User</FONT></STRONG> header, implicit generation: <STRONG>Yes</STRONG></CENTER>]]></Details>
<Time><![CDATA[17.04.2023 - 22:38:26]]></Time>
<TimeTick>1681756706</TimeTick>
<NodeArgs eType="General" icon="5" nRep="81" >
<Disp><![CDATA[Service: Remove/Revert Auto Header]]></Disp>
</NodeArgs>
</Step>
<Step rID="T74">
<Obj plainTxt="False" ><![CDATA[Url: Itinerary Button]]></Obj>
<Details plainTxt="False" ><![CDATA[<CENTER><STRONG><FONT COLOR=#009A63>Step completed successfully</FONT></STRONG></CENTER>]]></Details>
<Time><![CDATA[17.04.2023 - 22:38:26]]></Time>
<TimeTick>1681756706</TimeTick>
<NodeArgs eType="General" icon="9" nRep="82" status="Passed" >
<Disp><![CDATA[Url: Itinerary Button]]></Disp>
<BtmPane vType="HTMLSNSH" >
<Path><![CDATA[\Iteration3\t4.inf]]></Path>
</BtmPane>
</NodeArgs>
</Step>
<Step rID="T75">
<Obj plainTxt="False" ><![CDATA[Service: Reg Find]]></Obj>
<Details plainTxt="False" ><![CDATA[<CENTER><STRONG><FONT COLOR=#00AF00>Text/IC=Home Frame</FONT></STRONG></CENTER>]]></Details>
<Time><![CDATA[17.04.2023 - 22:38:26]]></Time>
<TimeTick>1681756706</TimeTick>
<NodeArgs eType="General" icon="4" nRep="83" >
<Disp><![CDATA[Service: Reg Find]]></Disp>
</NodeArgs>
</Step>
<Step rID="T76">
<Obj plainTxt="False" ><![CDATA[Service: Add Header]]></Obj>
<Details plainTxt="False" ><![CDATA[<CENTER>Add the following header to the next HTTP request :<BR><STRONG><FONT COLOR=#00AF00>Sec-Fetch-User: ?1</FONT></STRONG></CENTER>]]></Details>
<Time><![CDATA[17.04.2023 - 22:38:26]]></Time>
<TimeTick>1681756706</TimeTick>
<NodeArgs eType="General" icon="10" nRep="84" >
<Disp><![CDATA[Service: Add Header]]></Disp>
</NodeArgs>
</Step>
<Step rID="T77">
<Obj plainTxt="False" ><![CDATA[Url: SignOff Button]]></Obj>
<Details plainTxt="False" ><![CDATA[<CENTER><STRONG><FONT COLOR=#009A63>Step completed successfully</FONT></STRONG></CENTER>]]></Details>
<Time><![CDATA[17.04.2023 - 22:38:26]]></Time>
<TimeTick>1681756706</TimeTick>
<NodeArgs eType="General" icon="9" nRep="85" status="Passed" >
<Disp><![CDATA[Url: SignOff Button]]></Disp>
<BtmPane vType="HTMLSNSH" >
<Path><![CDATA[\Iteration3\t5.inf]]></Path>
</BtmPane>
</NodeArgs>
</Step>
<Summary sTime="17.04.2023 - 22:38:25" eTime="17.04.2023 - 22:38:26" passed="4" failed="0" warnings="0" ></Summary>
<NodeArgs eType="StartAction" icon="2" nRep="62" status="Passed" >
<Disp><![CDATA[Action Summary]]></Disp>
</NodeArgs>
</Action>
<NodeArgs eType="StartIteration" icon="3" nRep="61" status="Passed" >
<Disp><![CDATA[itinerary2 Iteration 3 (Row 3)]]></Disp>
</NodeArgs>
</DIter>
<DIter rID="T78" iterID="4" >
<Action rID="T79">
<AName><![CDATA[Action]]></AName>
<Step rID="T80">
<Obj plainTxt="False" ><![CDATA[Service: Reg Find]]></Obj>
<Details plainTxt="False" ><![CDATA[<CENTER><STRONG><FONT COLOR=#00AF00>Text/IC=Web Tours Navigation Bar</FONT></STRONG></CENTER>]]></Details>
<Time><![CDATA[17.04.2023 - 22:38:27]]></Time>
<TimeTick>1681756707</TimeTick>
<NodeArgs eType="General" icon="4" nRep="90" >
<Disp><![CDATA[Service: Reg Find]]></Disp>
</NodeArgs>
</Step>
<Step rID="T81">
<Obj plainTxt="False" ><![CDATA[Service: Set Sockets Option]]></Obj>
<Details plainTxt="False" ><![CDATA[<CENTER>Set socket option <STRONG><FONT COLOR=#00AF00>SSL_VERSION</FONT></STRONG> with value <STRONG><FONT COLOR=#00AF00>AUTO</FONT></STRONG></CENTER>]]></Details>
<Time><![CDATA[17.04.2023 - 22:38:27]]></Time>
<TimeTick>1681756707</TimeTick>
<NodeArgs eType="General" icon="5" nRep="91" >
<Disp><![CDATA[Service: Set Sockets Option]]></Disp>
</NodeArgs>
</Step>
<Step rID="T82">
<Obj plainTxt="False" ><![CDATA[Service: Add Cookie]]></Obj>
<Details plainTxt="False" ><![CDATA[<CENTER>Add the following cookie: <STRONG><FONT COLOR=#00AF00>googtrans=/auto/ru; DOMAIN=localhost</FONT></STRONG></CENTER>]]></Details>
<Time><![CDATA[17.04.2023 - 22:38:27]]></Time>
<TimeTick>1681756707</TimeTick>
<NodeArgs eType="General" icon="6" nRep="92" >
<Disp><![CDATA[Service: Add Cookie]]></Disp>
</NodeArgs>
</Step>
<Step rID="T83">
<Obj plainTxt="False" ><![CDATA[Service: Add Cookie]]></Obj>
<Details plainTxt="False" ><![CDATA[<CENTER>Add the following cookie: <STRONG><FONT COLOR=#00AF00>MSO=SID&1681753212; DOMAIN=localhost</FONT></STRONG></CENTER>]]></Details>
<Time><![CDATA[17.04.2023 - 22:38:27]]></Time>
<TimeTick>1681756707</TimeTick>
<NodeArgs eType="General" icon="6" nRep="93" >
<Disp><![CDATA[Service: Add Cookie]]></Disp>
</NodeArgs>
</Step>
<Step rID="T84">
<Obj plainTxt="False" ><![CDATA[Service: Add Auto Header]]></Obj>
<Details plainTxt="False" ><![CDATA[<CENTER>Add the following header to all subsequent HTTP requests :<BR><STRONG><FONT COLOR=#00AF00>Sec-Fetch-Dest: frame</FONT></STRONG></CENTER>]]></Details>
<Time><![CDATA[17.04.2023 - 22:38:27]]></Time>
<TimeTick>1681756707</TimeTick>
<NodeArgs eType="General" icon="7" nRep="94" >
<Disp><![CDATA[Service: Add Auto Header]]></Disp>
</NodeArgs>
</Step>
<Step rID="T85">
<Obj plainTxt="False" ><![CDATA[Service: Add Auto Header]]></Obj>
<Details plainTxt="False" ><![CDATA[<CENTER>Add the following header to all subsequent HTTP requests :<BR><STRONG><FONT COLOR=#00AF00>Sec-Fetch-Mode: navigate</FONT></STRONG></CENTER>]]></Details>
<Time><![CDATA[17.04.2023 - 22:38:27]]></Time>
<TimeTick>1681756707</TimeTick>
<NodeArgs eType="General" icon="7" nRep="95" >
<Disp><![CDATA[Service: Add Auto Header]]></Disp>
</NodeArgs>
</Step>
<Step rID="T86">
<Obj plainTxt="False" ><![CDATA[Service: Add Auto Header]]></Obj>
<Details plainTxt="False" ><![CDATA[<CENTER>Add the following header to all subsequent HTTP requests :<BR><STRONG><FONT COLOR=#00AF00>Sec-Fetch-Site: same-origin</FONT></STRONG></CENTER>]]></Details>
<Time><![CDATA[17.04.2023 - 22:38:27]]></Time>
<TimeTick>1681756707</TimeTick>
<NodeArgs eType="General" icon="7" nRep="96" >
<Disp><![CDATA[Service: Add Auto Header]]></Disp>
</NodeArgs>
</Step>
<Step rID="T87">
<Obj plainTxt="False" ><![CDATA[Service: Add Auto Header]]></Obj>
<Details plainTxt="False" ><![CDATA[<CENTER>Add the following header to all subsequent HTTP requests :<BR><STRONG><FONT COLOR=#00AF00>Upgrade-Insecure-Requests: 1</FONT></STRONG></CENTER>]]></Details>
<Time><![CDATA[17.04.2023 - 22:38:27]]></Time>
<TimeTick>1681756707</TimeTick>
<NodeArgs eType="General" icon="7" nRep="97" >
<Disp><![CDATA[Service: Add Auto Header]]></Disp>
</NodeArgs>
</Step>
<Step rID="T88">
<Obj plainTxt="False" ><![CDATA[Service: Add Auto Header]]></Obj>
<Details plainTxt="False" ><![CDATA[<CENTER>Add the following header to all subsequent HTTP requests :<BR><STRONG><FONT COLOR=#00AF00>sec-ch-ua: "Chromium";v="112", "Google Chrome";v="112", "Not:A-Brand";v="99"</FONT></STRONG></CENTER>]]></Details>
<Time><![CDATA[17.04.2023 - 22:38:27]]></Time>
<TimeTick>1681756707</TimeTick>
<NodeArgs eType="General" icon="7" nRep="98" >
<Disp><![CDATA[Service: Add Auto Header]]></Disp>
</NodeArgs>
</Step>
<Step rID="T89">
<Obj plainTxt="False" ><![CDATA[Service: Add Auto Header]]></Obj>
<Details plainTxt="False" ><![CDATA[<CENTER>Add the following header to all subsequent HTTP requests :<BR><STRONG><FONT COLOR=#00AF00>sec-ch-ua-mobile: ?0</FONT></STRONG></CENTER>]]></Details>
<Time><![CDATA[17.04.2023 - 22:38:27]]></Time>
<TimeTick>1681756707</TimeTick>
<NodeArgs eType="General" icon="7" nRep="99" >
<Disp><![CDATA[Service: Add Auto Header]]></Disp>
</NodeArgs>
</Step>
<Step rID="T90">
<Obj plainTxt="False" ><![CDATA[Service: Add Auto Header]]></Obj>
<Details plainTxt="False" ><![CDATA[<CENTER>Add the following header to all subsequent HTTP requests :<BR><STRONG><FONT COLOR=#00AF00>sec-ch-ua-platform: "Windows"</FONT></STRONG></CENTER>]]></Details>
<Time><![CDATA[17.04.2023 - 22:38:27]]></Time>
<TimeTick>1681756707</TimeTick>
<NodeArgs eType="General" icon="7" nRep="100" >
<Disp><![CDATA[Service: Add Auto Header]]></Disp>
</NodeArgs>
</Step>
<Step rID="T91">
<Obj plainTxt="False" ><![CDATA[Service: Reg Save Param Attrib]]></Obj>
<Details plainTxt="False" ><![CDATA[<CENTER>ParamName = <STRONG><FONT COLOR=#00AF00>userSession</FONT></STRONG><BR>TagName = <STRONG><FONT COLOR=#00AF00>input</FONT></STRONG><BR>Extract = <STRONG><FONT COLOR=#00AF00>value</FONT></STRONG></CENTER>]]></Details>
<Time><![CDATA[17.04.2023 - 22:38:27]]></Time>
<TimeTick>1681756707</TimeTick>
<NodeArgs eType="General" icon="8" nRep="101" >
<Disp><![CDATA[Service: Reg Save Param Attrib]]></Disp>
</NodeArgs>
</Step>
<Step rID="T92">
<Obj plainTxt="False" ><![CDATA[Url: welcome.pl]]></Obj>
<Details plainTxt="False" ><![CDATA[<CENTER><STRONG><FONT COLOR=#009A63>Step completed successfully</FONT></STRONG></CENTER>]]></Details>
<Time><![CDATA[17.04.2023 - 22:38:27]]></Time>
<TimeTick>1681756707</TimeTick>
<NodeArgs eType="General" icon="9" nRep="102" status="Passed" >
<Disp><![CDATA[Url: welcome.pl]]></Disp>
<BtmPane vType="HTMLSNSH" >
<Path><![CDATA[\Iteration4\t2.inf]]></Path>
</BtmPane>
</NodeArgs>
</Step>
<Step rID="T93">
<Obj plainTxt="False" ><![CDATA[Service: Reg Find]]></Obj>
<Details plainTxt="False" ><![CDATA[<CENTER><STRONG><FONT COLOR=#00AF00>Text/IC=Welcome, <b>jojo</b>, to the Web Tours</FONT></STRONG></CENTER>]]></Details>
<Time><![CDATA[17.04.2023 - 22:38:27]]></Time>
<TimeTick>1681756707</TimeTick>
<NodeArgs eType="General" icon="4" nRep="103" >
<Disp><![CDATA[Service: Reg Find]]></Disp>
</NodeArgs>
</Step>
<Step rID="T94">
<Obj plainTxt="False" ><![CDATA[Service: Add Header]]></Obj>
<Details plainTxt="False" ><![CDATA[<CENTER>Add the following header to the next HTTP request :<BR><STRONG><FONT COLOR=#00AF00>Origin: http://localhost:1080</FONT></STRONG></CENTER>]]></Details>
<Time><![CDATA[17.04.2023 - 22:38:27]]></Time>
<TimeTick>1681756707</TimeTick>
<NodeArgs eType="General" icon="10" nRep="104" >
<Disp><![CDATA[Service: Add Header]]></Disp>
</NodeArgs>
</Step>
<Step rID="T95">
<Obj plainTxt="False" ><![CDATA[Service: Add Auto Header]]></Obj>
<Details plainTxt="False" ><![CDATA[<CENTER>Add the following header to all subsequent HTTP requests :<BR><STRONG><FONT COLOR=#00AF00>Sec-Fetch-User: ?1</FONT></STRONG></CENTER>]]></Details>
<Time><![CDATA[17.04.2023 - 22:38:27]]></Time>
<TimeTick>1681756707</TimeTick>
<NodeArgs eType="General" icon="7" nRep="105" >
<Disp><![CDATA[Service: Add Auto Header]]></Disp>
</NodeArgs>
</Step>
<Step rID="T96">
<Obj plainTxt="False" ><![CDATA[Submit Data: login.pl]]></Obj>
<Details plainTxt="False" ><![CDATA[<CENTER><STRONG><FONT COLOR=#009A63>Step completed successfully</FONT></STRONG></CENTER>]]></Details>
<Time><![CDATA[17.04.2023 - 22:38:27]]></Time>
<TimeTick>1681756707</TimeTick>
<NodeArgs eType="General" icon="11" nRep="106" status="Passed" >
<Disp><![CDATA[Submit Data: login.pl]]></Disp>
<BtmPane vType="HTMLSNSH" >
<Path><![CDATA[\Iteration4\t3.inf]]></Path>
</BtmPane>
</NodeArgs>
</Step>
<Step rID="T97">
<Obj plainTxt="False" ><![CDATA[Service: Reg Find]]></Obj>
<Details plainTxt="False" ><![CDATA[<CENTER><STRONG><FONT COLOR=#00AF00>Text/IC=Flight Transaction Summary</FONT></STRONG></CENTER>]]></Details>
<Time><![CDATA[17.04.2023 - 22:38:28]]></Time>
<TimeTick>1681756708</TimeTick>
<NodeArgs eType="General" icon="4" nRep="107" >
<Disp><![CDATA[Service: Reg Find]]></Disp>
</NodeArgs>
</Step>
<Step rID="T98">
<Obj plainTxt="False" ><![CDATA[Service: Remove/Revert Auto Header]]></Obj>
<Details plainTxt="False" ><![CDATA[<CENTER>Remove/revert <BR><STRONG><FONT COLOR=#00AF00>Sec-Fetch-User</FONT></STRONG> header, implicit generation: <STRONG>Yes</STRONG></CENTER>]]></Details>
<Time><![CDATA[17.04.2023 - 22:38:28]]></Time>
<TimeTick>1681756708</TimeTick>
<NodeArgs eType="General" icon="5" nRep="108" >
<Disp><![CDATA[Service: Remove/Revert Auto Header]]></Disp>
</NodeArgs>
</Step>
<Step rID="T99">
<Obj plainTxt="False" ><![CDATA[Url: Itinerary Button]]></Obj>
<Details plainTxt="False" ><![CDATA[<CENTER><STRONG><FONT COLOR=#009A63>Step completed successfully</FONT></STRONG></CENTER>]]></Details>
<Time><![CDATA[17.04.2023 - 22:38:28]]></Time>
<TimeTick>1681756708</TimeTick>
<NodeArgs eType="General" icon="9" nRep="109" status="Passed" >
<Disp><![CDATA[Url: Itinerary Button]]></Disp>
<BtmPane vType="HTMLSNSH" >
<Path><![CDATA[\Iteration4\t4.inf]]></Path>
</BtmPane>
</NodeArgs>
</Step>
<Step rID="T100">
<Obj plainTxt="False" ><![CDATA[Service: Reg Find]]></Obj>
<Details plainTxt="False" ><![CDATA[<CENTER><STRONG><FONT COLOR=#00AF00>Text/IC=Home Frame</FONT></STRONG></CENTER>]]></Details>
<Time><![CDATA[17.04.2023 - 22:38:28]]></Time>
<TimeTick>1681756708</TimeTick>
<NodeArgs eType="General" icon="4" nRep="110" >
<Disp><![CDATA[Service: Reg Find]]></Disp>
</NodeArgs>
</Step>
<Step rID="T101">
<Obj plainTxt="False" ><![CDATA[Service: Add Header]]></Obj>
<Details plainTxt="False" ><![CDATA[<CENTER>Add the following header to the next HTTP request :<BR><STRONG><FONT COLOR=#00AF00>Sec-Fetch-User: ?1</FONT></STRONG></CENTER>]]></Details>
<Time><![CDATA[17.04.2023 - 22:38:28]]></Time>
<TimeTick>1681756708</TimeTick>
<NodeArgs eType="General" icon="10" nRep="111" >
<Disp><![CDATA[Service: Add Header]]></Disp>
</NodeArgs>
</Step>
<Step rID="T102">
<Obj plainTxt="False" ><![CDATA[Url: SignOff Button]]></Obj>
<Details plainTxt="False" ><![CDATA[<CENTER><STRONG><FONT COLOR=#009A63>Step completed successfully</FONT></STRONG></CENTER>]]></Details>
<Time><![CDATA[17.04.2023 - 22:38:28]]></Time>
<TimeTick>1681756708</TimeTick>
<NodeArgs eType="General" icon="9" nRep="112" status="Passed" >
<Disp><![CDATA[Url: SignOff Button]]></Disp>
<BtmPane vType="HTMLSNSH" >
<Path><![CDATA[\Iteration4\t5.inf]]></Path>
</BtmPane>
</NodeArgs>
</Step>
<Summary sTime="17.04.2023 - 22:38:26" eTime="17.04.2023 - 22:38:28" passed="4" failed="0" warnings="0" ></Summary>
<NodeArgs eType="StartAction" icon="2" nRep="89" status="Passed" >
<Disp><![CDATA[Action Summary]]></Disp>
</NodeArgs>
</Action>
<NodeArgs eType="StartIteration" icon="3" nRep="88" status="Passed" >
<Disp><![CDATA[itinerary2 Iteration 4 (Row 4)]]></Disp>
</NodeArgs>
</DIter>
<DIter rID="T103" iterID="5" >
<Action rID="T104">
<AName><![CDATA[Action]]></AName>
<Step rID="T105">
<Obj plainTxt="False" ><![CDATA[Service: Reg Find]]></Obj>
<Details plainTxt="False" ><![CDATA[<CENTER><STRONG><FONT COLOR=#00AF00>Text/IC=Web Tours Navigation Bar</FONT></STRONG></CENTER>]]></Details>
<Time><![CDATA[17.04.2023 - 22:38:28]]></Time>
<TimeTick>1681756708</TimeTick>
<NodeArgs eType="General" icon="4" nRep="117" >
<Disp><![CDATA[Service: Reg Find]]></Disp>
</NodeArgs>
</Step>
<Step rID="T106">
<Obj plainTxt="False" ><![CDATA[Service: Set Sockets Option]]></Obj>
<Details plainTxt="False" ><![CDATA[<CENTER>Set socket option <STRONG><FONT COLOR=#00AF00>SSL_VERSION</FONT></STRONG> with value <STRONG><FONT COLOR=#00AF00>AUTO</FONT></STRONG></CENTER>]]></Details>
<Time><![CDATA[17.04.2023 - 22:38:28]]></Time>
<TimeTick>1681756708</TimeTick>
<NodeArgs eType="General" icon="5" nRep="118" >
<Disp><![CDATA[Service: Set Sockets Option]]></Disp>
</NodeArgs>
</Step>
<Step rID="T107">
<Obj plainTxt="False" ><![CDATA[Service: Add Cookie]]></Obj>
<Details plainTxt="False" ><![CDATA[<CENTER>Add the following cookie: <STRONG><FONT COLOR=#00AF00>googtrans=/auto/ru; DOMAIN=localhost</FONT></STRONG></CENTER>]]></Details>
<Time><![CDATA[17.04.2023 - 22:38:28]]></Time>
<TimeTick>1681756708</TimeTick>
<NodeArgs eType="General" icon="6" nRep="119" >
<Disp><![CDATA[Service: Add Cookie]]></Disp>
</NodeArgs>
</Step>
<Step rID="T108">
<Obj plainTxt="False" ><![CDATA[Service: Add Cookie]]></Obj>
<Details plainTxt="False" ><![CDATA[<CENTER>Add the following cookie: <STRONG><FONT COLOR=#00AF00>MSO=SID&1681753212; DOMAIN=localhost</FONT></STRONG></CENTER>]]></Details>
<Time><![CDATA[17.04.2023 - 22:38:28]]></Time>
<TimeTick>1681756708</TimeTick>
<NodeArgs eType="General" icon="6" nRep="120" >
<Disp><![CDATA[Service: Add Cookie]]></Disp>
</NodeArgs>
</Step>
<Step rID="T109">
<Obj plainTxt="False" ><![CDATA[Service: Add Auto Header]]></Obj>
<Details plainTxt="False" ><![CDATA[<CENTER>Add the following header to all subsequent HTTP requests :<BR><STRONG><FONT COLOR=#00AF00>Sec-Fetch-Dest: frame</FONT></STRONG></CENTER>]]></Details>
<Time><![CDATA[17.04.2023 - 22:38:28]]></Time>
<TimeTick>1681756708</TimeTick>
<NodeArgs eType="General" icon="7" nRep="121" >
<Disp><![CDATA[Service: Add Auto Header]]></Disp>
</NodeArgs>
</Step>
<Step rID="T110">
<Obj plainTxt="False" ><![CDATA[Service: Add Auto Header]]></Obj>
<Details plainTxt="False" ><![CDATA[<CENTER>Add the following header to all subsequent HTTP requests :<BR><STRONG><FONT COLOR=#00AF00>Sec-Fetch-Mode: navigate</FONT></STRONG></CENTER>]]></Details>
<Time><![CDATA[17.04.2023 - 22:38:28]]></Time>
<TimeTick>1681756708</TimeTick>
<NodeArgs eType="General" icon="7" nRep="122" >
<Disp><![CDATA[Service: Add Auto Header]]></Disp>
</NodeArgs>
</Step>
<Step rID="T111">
<Obj plainTxt="False" ><![CDATA[Service: Add Auto Header]]></Obj>
<Details plainTxt="False" ><![CDATA[<CENTER>Add the following header to all subsequent HTTP requests :<BR><STRONG><FONT COLOR=#00AF00>Sec-Fetch-Site: same-origin</FONT></STRONG></CENTER>]]></Details>
<Time><![CDATA[17.04.2023 - 22:38:28]]></Time>
<TimeTick>1681756708</TimeTick>
<NodeArgs eType="General" icon="7" nRep="123" >
<Disp><![CDATA[Service: Add Auto Header]]></Disp>
</NodeArgs>
</Step>
<Step rID="T112">
<Obj plainTxt="False" ><![CDATA[Service: Add Auto Header]]></Obj>
<Details plainTxt="False" ><![CDATA[<CENTER>Add the following header to all subsequent HTTP requests :<BR><STRONG><FONT COLOR=#00AF00>Upgrade-Insecure-Requests: 1</FONT></STRONG></CENTER>]]></Details>
<Time><![CDATA[17.04.2023 - 22:38:28]]></Time>
<TimeTick>1681756708</TimeTick>
<NodeArgs eType="General" icon="7" nRep="124" >
<Disp><![CDATA[Service: Add Auto Header]]></Disp>
</NodeArgs>
</Step>
<Step rID="T113">
<Obj plainTxt="False" ><![CDATA[Service: Add Auto Header]]></Obj>
<Details plainTxt="False" ><![CDATA[<CENTER>Add the following header to all subsequent HTTP requests :<BR><STRONG><FONT COLOR=#00AF00>sec-ch-ua: "Chromium";v="112", "Google Chrome";v="112", "Not:A-Brand";v="99"</FONT></STRONG></CENTER>]]></Details>
<Time><![CDATA[17.04.2023 - 22:38:28]]></Time>
<TimeTick>1681756708</TimeTick>
<NodeArgs eType="General" icon="7" nRep="125" >
<Disp><![CDATA[Service: Add Auto Header]]></Disp>
</NodeArgs>
</Step>
<Step rID="T114">
<Obj plainTxt="False" ><![CDATA[Service: Add Auto Header]]></Obj>
<Details plainTxt="False" ><![CDATA[<CENTER>Add the following header to all subsequent HTTP requests :<BR><STRONG><FONT COLOR=#00AF00>sec-ch-ua-mobile: ?0</FONT></STRONG></CENTER>]]></Details>
<Time><![CDATA[17.04.2023 - 22:38:28]]></Time>
<TimeTick>1681756708</TimeTick>
<NodeArgs eType="General" icon="7" nRep="126" >
<Disp><![CDATA[Service: Add Auto Header]]></Disp>
</NodeArgs>
</Step>
<Step rID="T115">
<Obj plainTxt="False" ><![CDATA[Service: Add Auto Header]]></Obj>
<Details plainTxt="False" ><![CDATA[<CENTER>Add the following header to all subsequent HTTP requests :<BR><STRONG><FONT COLOR=#00AF00>sec-ch-ua-platform: "Windows"</FONT></STRONG></CENTER>]]></Details>
<Time><![CDATA[17.04.2023 - 22:38:28]]></Time>
<TimeTick>1681756708</TimeTick>
<NodeArgs eType="General" icon="7" nRep="127" >
<Disp><![CDATA[Service: Add Auto Header]]></Disp>
</NodeArgs>
</Step>
<Step rID="T116">
<Obj plainTxt="False" ><![CDATA[Service: Reg Save Param Attrib]]></Obj>
<Details plainTxt="False" ><![CDATA[<CENTER>ParamName = <STRONG><FONT COLOR=#00AF00>userSession</FONT></STRONG><BR>TagName = <STRONG><FONT COLOR=#00AF00>input</FONT></STRONG><BR>Extract = <STRONG><FONT COLOR=#00AF00>value</FONT></STRONG></CENTER>]]></Details>
<Time><![CDATA[17.04.2023 - 22:38:28]]></Time>
<TimeTick>1681756708</TimeTick>
<NodeArgs eType="General" icon="8" nRep="128" >
<Disp><![CDATA[Service: Reg Save Param Attrib]]></Disp>
</NodeArgs>
</Step>
<Step rID="T117">
<Obj plainTxt="False" ><![CDATA[Url: welcome.pl]]></Obj>
<Details plainTxt="False" ><![CDATA[<CENTER><STRONG><FONT COLOR=#009A63>Step completed successfully</FONT></STRONG></CENTER>]]></Details>
<Time><![CDATA[17.04.2023 - 22:38:29]]></Time>
<TimeTick>1681756709</TimeTick>
<NodeArgs eType="General" icon="9" nRep="129" status="Passed" >
<Disp><![CDATA[Url: welcome.pl]]></Disp>
<BtmPane vType="HTMLSNSH" >
<Path><![CDATA[\Iteration5\t2.inf]]></Path>
</BtmPane>
</NodeArgs>
</Step>
<Step rID="T118">
<Obj plainTxt="False" ><![CDATA[Service: Reg Find]]></Obj>
<Details plainTxt="False" ><![CDATA[<CENTER><STRONG><FONT COLOR=#00AF00>Text/IC=Welcome, <b>bill</b>, to the Web Tours</FONT></STRONG></CENTER>]]></Details>
<Time><![CDATA[17.04.2023 - 22:38:29]]></Time>
<TimeTick>1681756709</TimeTick>
<NodeArgs eType="General" icon="4" nRep="130" >
<Disp><![CDATA[Service: Reg Find]]></Disp>
</NodeArgs>
</Step>
<Step rID="T119">
<Obj plainTxt="False" ><![CDATA[Service: Add Header]]></Obj>
<Details plainTxt="False" ><![CDATA[<CENTER>Add the following header to the next HTTP request :<BR><STRONG><FONT COLOR=#00AF00>Origin: http://localhost:1080</FONT></STRONG></CENTER>]]></Details>
<Time><![CDATA[17.04.2023 - 22:38:29]]></Time>
<TimeTick>1681756709</TimeTick>
<NodeArgs eType="General" icon="10" nRep="131" >
<Disp><![CDATA[Service: Add Header]]></Disp>
</NodeArgs>
</Step>
<Step rID="T120">
<Obj plainTxt="False" ><![CDATA[Service: Add Auto Header]]></Obj>
<Details plainTxt="False" ><![CDATA[<CENTER>Add the following header to all subsequent HTTP requests :<BR><STRONG><FONT COLOR=#00AF00>Sec-Fetch-User: ?1</FONT></STRONG></CENTER>]]></Details>
<Time><![CDATA[17.04.2023 - 22:38:29]]></Time>
<TimeTick>1681756709</TimeTick>
<NodeArgs eType="General" icon="7" nRep="132" >
<Disp><![CDATA[Service: Add Auto Header]]></Disp>
</NodeArgs>
</Step>
<Step rID="T121">
<Obj plainTxt="False" ><![CDATA[Submit Data: login.pl]]></Obj>
<Details plainTxt="False" ><![CDATA[<CENTER><STRONG><FONT COLOR=#009A63>Step completed successfully</FONT></STRONG></CENTER>]]></Details>
<Time><![CDATA[17.04.2023 - 22:38:29]]></Time>
<TimeTick>1681756709</TimeTick>
<NodeArgs eType="General" icon="11" nRep="133" status="Passed" >
<Disp><![CDATA[Submit Data: login.pl]]></Disp>
<BtmPane vType="HTMLSNSH" >
<Path><![CDATA[\Iteration5\t3.inf]]></Path>
</BtmPane>
</NodeArgs>
</Step>
<Step rID="T122">
<Obj plainTxt="False" ><![CDATA[Service: Reg Find]]></Obj>
<Details plainTxt="False" ><![CDATA[<CENTER><STRONG><FONT COLOR=#00AF00>Text/IC=Flight Transaction Summary</FONT></STRONG></CENTER>]]></Details>
<Time><![CDATA[17.04.2023 - 22:38:29]]></Time>
<TimeTick>1681756709</TimeTick>
<NodeArgs eType="General" icon="4" nRep="134" >
<Disp><![CDATA[Service: Reg Find]]></Disp>
</NodeArgs>
</Step>
<Step rID="T123">
<Obj plainTxt="False" ><![CDATA[Service: Remove/Revert Auto Header]]></Obj>
<Details plainTxt="False" ><![CDATA[<CENTER>Remove/revert <BR><STRONG><FONT COLOR=#00AF00>Sec-Fetch-User</FONT></STRONG> header, implicit generation: <STRONG>Yes</STRONG></CENTER>]]></Details>
<Time><![CDATA[17.04.2023 - 22:38:29]]></Time>
<TimeTick>1681756709</TimeTick>
<NodeArgs eType="General" icon="5" nRep="135" >
<Disp><![CDATA[Service: Remove/Revert Auto Header]]></Disp>
</NodeArgs>
</Step>
<Step rID="T124">
<Obj plainTxt="False" ><![CDATA[Url: Itinerary Button]]></Obj>
<Details plainTxt="False" ><![CDATA[<CENTER><STRONG><FONT COLOR=#009A63>Step completed successfully</FONT></STRONG></CENTER>]]></Details>
<Time><![CDATA[17.04.2023 - 22:38:30]]></Time>
<TimeTick>1681756710</TimeTick>
<NodeArgs eType="General" icon="9" nRep="136" status="Passed" >
<Disp><![CDATA[Url: Itinerary Button]]></Disp>
<BtmPane vType="HTMLSNSH" >
<Path><![CDATA[\Iteration5\t4.inf]]></Path>
</BtmPane>
</NodeArgs>
</Step>
<Step rID="T125">
<Obj plainTxt="False" ><![CDATA[Service: Reg Find]]></Obj>
<Details plainTxt="False" ><![CDATA[<CENTER><STRONG><FONT COLOR=#00AF00>Text/IC=Home Frame</FONT></STRONG></CENTER>]]></Details>
<Time><![CDATA[17.04.2023 - 22:38:30]]></Time>
<TimeTick>1681756710</TimeTick>
<NodeArgs eType="General" icon="4" nRep="137" >
<Disp><![CDATA[Service: Reg Find]]></Disp>
</NodeArgs>
</Step>
<Step rID="T126">
<Obj plainTxt="False" ><![CDATA[Service: Add Header]]></Obj>
<Details plainTxt="False" ><![CDATA[<CENTER>Add the following header to the next HTTP request :<BR><STRONG><FONT COLOR=#00AF00>Sec-Fetch-User: ?1</FONT></STRONG></CENTER>]]></Details>
<Time><![CDATA[17.04.2023 - 22:38:30]]></Time>
<TimeTick>1681756710</TimeTick>
<NodeArgs eType="General" icon="10" nRep="138" >
<Disp><![CDATA[Service: Add Header]]></Disp>
</NodeArgs>
</Step>
<Step rID="T127">
<Obj plainTxt="False" ><![CDATA[Url: SignOff Button]]></Obj>
<Details plainTxt="False" ><![CDATA[<CENTER><STRONG><FONT COLOR=#009A63>Step completed successfully</FONT></STRONG></CENTER>]]></Details>
<Time><![CDATA[17.04.2023 - 22:38:30]]></Time>
<TimeTick>1681756710</TimeTick>
<NodeArgs eType="General" icon="9" nRep="139" status="Passed" >
<Disp><![CDATA[Url: SignOff Button]]></Disp>
<BtmPane vType="HTMLSNSH" >
<Path><![CDATA[\Iteration5\t5.inf]]></Path>
</BtmPane>
</NodeArgs>
</Step>
<Summary sTime="17.04.2023 - 22:38:28" eTime="17.04.2023 - 22:38:30" passed="4" failed="0" warnings="0" ></Summary>
<NodeArgs eType="StartAction" icon="2" nRep="116" status="Passed" >
<Disp><![CDATA[Action Summary]]></Disp>
</NodeArgs>
</Action>
<NodeArgs eType="StartIteration" icon="3" nRep="115" status="Passed" >
<Disp><![CDATA[itinerary2 Iteration 5 (Row 5)]]></Disp>
</NodeArgs>
</DIter>
<Action rID="T128">
<AName><![CDATA[vuser_end]]></AName>
<Summary sTime="17.04.2023 - 22:38:30" eTime="17.04.2023 - 22:38:30" passed="0" failed="0" warnings="0" ></Summary>
<NodeArgs eType="StartAction" icon="2" nRep="142" >
<Disp><![CDATA[vuser_end Summary]]></Disp>
</NodeArgs>
</Action>
<Summary sTime="17.04.2023 - 22:38:21" eTime="17.04.2023 - 22:38:30" passed="20" failed="0" warnings="0" ></Summary>
<NodeArgs eType="StartTest" icon="1" nRep="4" status="Passed" >
<Disp><![CDATA[Test itinerary2 Summary]]></Disp>
</NodeArgs>
</Doc>
</Report>