{"OutputFileHashSum":"4DA2E9A338B6E1AA377C24F7E80E94410D51B38508DAEF5537CD5D094D283B2E","Converted":true,"OutputModifyDate":"2023-04-18T10:19:44.7348916Z","Metadatas":[],"MetadataTypes":[{"CategoryName":"VuGen.Replay","MetadataTypeName":"HP.LR.Vugen.Iteration","Id":1},{"CategoryName":"VuGen.Replay","MetadataTypeName":"HP.LR.Vugen.NotifyTransaction","Id":2},{"CategoryName":"VuGen.Replay","MetadataTypeName":"Utt.Debugger.Error","Id":3},{"CategoryName":"VuGen.Replay","MetadataTypeName":"HP.LR.Vugen.NotifyAny","Id":4}]}