{"OutputFileHashSum":"84F6C47CECDD9211BD7B072BA2FC694BC449B6E677A9BAB8EEFDEC4772523E9D","Converted":true,"OutputModifyDate":"2023-04-18T10:37:01.4048905Z","Metadatas":[],"MetadataTypes":[{"CategoryName":"VuGen.Replay","MetadataTypeName":"HP.LR.Vugen.Iteration","Id":1},{"CategoryName":"VuGen.Replay","MetadataTypeName":"HP.LR.Vugen.NotifyTransaction","Id":2},{"CategoryName":"VuGen.Replay","MetadataTypeName":"Utt.Debugger.Error","Id":3},{"CategoryName":"VuGen.Replay","MetadataTypeName":"HP.LR.Vugen.NotifyAny","Id":4}]}