[
    {
        "actionName": "Action",
        "steps": [
            {
                "stepId": "STEP1",
                "stepName": "Url: WebTours",
                "infFile": "t2.inf",
                "time": 1681807225854
            },
            {
                "stepId": "STEP2",
                "stepName": "Submit Data: login.pl",
                "infFile": "t3.inf",
                "time": 1681807226257
            },
            {
                "stepId": "STEP3",
                "stepName": "Url: Search Flights Button",
                "infFile": "t4.inf",
                "time": 1681807226640
            },
            {
                "stepId": "STEP4",
                "stepName": "Submit Data: reservations.pl",
                "infFile": "t6.inf",
                "time": 1681807227083
            },
            {
                "stepId": "STEP5",
                "stepName": "Submit Data: reservations.pl_2",
                "infFile": "t7.inf",
                "time": 1681807227322
            },
            {
                "stepId": "STEP6",
                "stepName": "Submit Data: reservations.pl_3",
                "infFile": "t8.inf",
                "time": 1681807227527
            }
        ],
        "transactions": [
            {
                "transactionName": "open_home_page",
                "rawStartTime": 1681807225182,
                "rawEndTime": 1681807225865,
                "thinkTime": 0.0,
                "wastedTime": 0.229933500289917
            },
            {
                "transactionName": "login",
                "rawStartTime": 1681807225897,
                "rawEndTime": 1681807226262,
                "thinkTime": 0.0,
                "wastedTime": 0.046102285385131839
            },
            {
                "transactionName": "click_flights",
                "rawStartTime": 1681807226294,
                "rawEndTime": 1681807226643,
                "thinkTime": 0.0,
                "wastedTime": 0.03796267509460449
            },
            {
                "transactionName": "click_reservation",
                "rawStartTime": 1681807226677,
                "rawEndTime": 1681807227101,
                "thinkTime": 0.0,
                "wastedTime": 0.07364201545715332
            },
            {
                "transactionName": "click_reservation_pl",
                "rawStartTime": 1681807227133,
                "rawEndTime": 1681807227338,
                "thinkTime": 0.0,
                "wastedTime": 0.008518218994140625
            },
            {
                "transactionName": "buy_ticket",
                "rawStartTime": 1681807227370,
                "rawEndTime": 1681807227529,
                "thinkTime": 0.0,
                "wastedTime": 0.010825872421264649
            },
            {
                "transactionName": "UC6_BuyTicket",
                "rawStartTime": 1681807225098,
                "rawEndTime": 1681807227545,
                "thinkTime": 0.0,
                "wastedTime": 0.4069845676422119
            }
        ]
    }
]