{"OutputFileHashSum":"C65FB8588B673A88EE7BA6E2F1DA38D1B9FBF39AA3695FA042CB5D021CC72E2B","Converted":true,"OutputModifyDate":"2023-04-17T17:15:50.9441094Z","Metadatas":[],"MetadataTypes":[{"CategoryName":"VuGen.Replay","MetadataTypeName":"HP.LR.Vugen.Iteration","Id":1},{"CategoryName":"VuGen.Replay","MetadataTypeName":"HP.LR.Vugen.NotifyTransaction","Id":2},{"CategoryName":"VuGen.Replay","MetadataTypeName":"Utt.Debugger.Error","Id":3},{"CategoryName":"VuGen.Replay","MetadataTypeName":"HP.LR.Vugen.NotifyAny","Id":4}]}