[
    {
        "actionName": "Action",
        "steps": [
            {
                "stepId": "STEP1",
                "stepName": "Url: WebTours",
                "infFile": "t2.inf",
                "time": 1681748223657
            },
            {
                "stepId": "STEP2",
                "stepName": "Submit Data: login.pl",
                "infFile": "t3.inf",
                "time": 1681748224146
            },
            {
                "stepId": "STEP3",
                "stepName": "Url: welcome.pl_2",
                "infFile": "t4.inf",
                "time": 1681748224666
            }
        ],
        "transactions": [
            {
                "transactionName": "open_home_page",
                "rawStartTime": 1681748222920,
                "rawEndTime": 1681748223666,
                "thinkTime": 0.0,
                "wastedTime": 0.2398972511291504
            },
            {
                "transactionName": "enter_login",
                "rawStartTime": 1681748223699,
                "rawEndTime": 1681748224157,
                "thinkTime": 0.0,
                "wastedTime": 0.03850984573364258
            },
            {
                "transactionName": "itinerary_click",
                "rawStartTime": 1681748224175,
                "rawEndTime": 1681748224670,
                "thinkTime": 0.0,
                "wastedTime": 0.017914533615112306
            },
            {
                "transactionName": "Delete_ticket",
                "rawStartTime": 1681748222913,
                "rawEndTime": 1681748224670,
                "thinkTime": 0.0,
                "wastedTime": 0.2963216304779053
            }
        ]
    }
]