[
    {
        "actionName": "Action",
        "steps": [
            {
                "stepId": "STEP1",
                "stepName": "Url: welcome.pl",
                "infFile": "t2.inf",
                "time": 1681813335575
            },
            {
                "stepId": "STEP2",
                "stepName": "Submit Data: login.pl",
                "infFile": "t3.inf",
                "time": 1681813335991
            },
            {
                "stepId": "STEP3",
                "stepName": "Url: SignOff Button",
                "infFile": "t4.inf",
                "time": 1681813336269
            }
        ],
        "transactions": [
            {
                "transactionName": "open_home_page",
                "rawStartTime": 1681813334780,
                "rawEndTime": 1681813335593,
                "thinkTime": 0.0,
                "wastedTime": 0.30101776123046877
            },
            {
                "transactionName": "login",
                "rawStartTime": 1681813335626,
                "rawEndTime": 1681813335999,
                "thinkTime": 0.0,
                "wastedTime": 0.0405275821685791
            },
            {
                "transactionName": "logOut",
                "rawStartTime": 1681813336077,
                "rawEndTime": 1681813336280,
                "thinkTime": 0.0,
                "wastedTime": 0.011430025100708008
            },
            {
                "transactionName": "UC1_LoginLogout",
                "rawStartTime": 1681813334778,
                "rawEndTime": 1681813336295,
                "thinkTime": 0.0,
                "wastedTime": 0.35297536849975588
            }
        ]
    }
]