{"OutputFileHashSum":"FC324CF80DCCE5EAA27CDF5C5C4E5AD6AC71FF83184A59EAF6A431D3386FC76F","Converted":true,"OutputModifyDate":"2023-04-17T18:38:30.6049294Z","Metadatas":[{"CategoryName":"VuGen.Replay","Offset":551,"Length":23,"TypeId":1},{"CategoryName":"VuGen.Replay","Offset":677,"Length":55,"TypeId":2},{"CategoryName":"VuGen.Replay","Offset":732,"Length":55,"TypeId":2},{"CategoryName":"VuGen.Replay","Offset":3523,"Length":114,"TypeId":2},{"CategoryName":"VuGen.Replay","Offset":3637,"Length":52,"TypeId":2},{"CategoryName":"VuGen.Replay","Offset":5485,"Length":110,"TypeId":2},{"CategoryName":"VuGen.Replay","Offset":5595,"Length":62,"TypeId":2},{"CategoryName":"VuGen.Replay","Offset":7778,"Length":121,"TypeId":2},{"CategoryName":"VuGen.Replay","Offset":7899,"Length":56,"TypeId":2},{"CategoryName":"VuGen.Replay","Offset":9168,"Length":114,"TypeId":2},{"CategoryName":"VuGen.Replay","Offset":9282,"Length":115,"TypeId":2},{"CategoryName":"VuGen.Replay","Offset":9420,"Length":21,"TypeId":1},{"CategoryName":"VuGen.Replay","Offset":9441,"Length":23,"TypeId":1},{"CategoryName":"VuGen.Replay","Offset":9489,"Length":55,"TypeId":2},{"CategoryName":"VuGen.Replay","Offset":9544,"Length":55,"TypeId":2},{"CategoryName":"VuGen.Replay","Offset":12335,"Length":114,"TypeId":2},{"CategoryName":"VuGen.Replay","Offset":12449,"Length":52,"TypeId":2},{"CategoryName":"VuGen.Replay","Offset":14298,"Length":110,"TypeId":2},{"CategoryName":"VuGen.Replay","Offset":14408,"Length":62,"TypeId":2},{"CategoryName":"VuGen.Replay","Offset":16591,"Length":121,"TypeId":2},{"CategoryName":"VuGen.Replay","Offset":16712,"Length":56,"TypeId":2},{"CategoryName":"VuGen.Replay","Offset":17981,"Length":114,"TypeId":2},{"CategoryName":"VuGen.Replay","Offset":18095,"Length":115,"TypeId":2},{"CategoryName":"VuGen.Replay","Offset":18233,"Length":21,"TypeId":1},{"CategoryName":"VuGen.Replay","Offset":18254,"Length":23,"TypeId":1},{"CategoryName":"VuGen.Replay","Offset":18302,"Length":55,"TypeId":2},{"CategoryName":"VuGen.Replay","Offset":18357,"Length":55,"TypeId":2},{"CategoryName":"VuGen.Replay","Offset":21148,"Length":114,"TypeId":2},{"CategoryName":"VuGen.Replay","Offset":21262,"Length":52,"TypeId":2},{"CategoryName":"VuGen.Replay","Offset":23111,"Length":110,"TypeId":2},{"CategoryName":"VuGen.Replay","Offset":23221,"Length":62,"TypeId":2},{"CategoryName":"VuGen.Replay","Offset":25403,"Length":121,"TypeId":2},{"CategoryName":"VuGen.Replay","Offset":25524,"Length":56,"TypeId":2},{"CategoryName":"VuGen.Replay","Offset":26793,"Length":114,"TypeId":2},{"CategoryName":"VuGen.Replay","Offset":26907,"Length":115,"TypeId":2},{"CategoryName":"VuGen.Replay","Offset":27045,"Length":21,"TypeId":1},{"CategoryName":"VuGen.Replay","Offset":27066,"Length":23,"TypeId":1},{"CategoryName":"VuGen.Replay","Offset":27114,"Length":55,"TypeId":2},{"CategoryName":"VuGen.Replay","Offset":27169,"Length":55,"TypeId":2},{"CategoryName":"VuGen.Replay","Offset":29960,"Length":114,"TypeId":2},{"CategoryName":"VuGen.Replay","Offset":30074,"Length":52,"TypeId":2},{"CategoryName":"VuGen.Replay","Offset":31923,"Length":110,"TypeId":2},{"CategoryName":"VuGen.Replay","Offset":32033,"Length":62,"TypeId":2},{"CategoryName":"VuGen.Replay","Offset":34215,"Length":121,"TypeId":2},{"CategoryName":"VuGen.Replay","Offset":34336,"Length":56,"TypeId":2},{"CategoryName":"VuGen.Replay","Offset":35605,"Length":114,"TypeId":2},{"CategoryName":"VuGen.Replay","Offset":35719,"Length":115,"TypeId":2},{"CategoryName":"VuGen.Replay","Offset":35857,"Length":21,"TypeId":1},{"CategoryName":"VuGen.Replay","Offset":35878,"Length":23,"TypeId":1},{"CategoryName":"VuGen.Replay","Offset":35926,"Length":55,"TypeId":2},{"CategoryName":"VuGen.Replay","Offset":35981,"Length":55,"TypeId":2},{"CategoryName":"VuGen.Replay","Offset":38772,"Length":114,"TypeId":2},{"CategoryName":"VuGen.Replay","Offset":38886,"Length":52,"TypeId":2},{"CategoryName":"VuGen.Replay","Offset":40735,"Length":110,"TypeId":2},{"CategoryName":"VuGen.Replay","Offset":40845,"Length":62,"TypeId":2},{"CategoryName":"VuGen.Replay","Offset":43028,"Length":121,"TypeId":2},{"CategoryName":"VuGen.Replay","Offset":43149,"Length":56,"TypeId":2},{"CategoryName":"VuGen.Replay","Offset":44418,"Length":114,"TypeId":2},{"CategoryName":"VuGen.Replay","Offset":44532,"Length":115,"TypeId":2},{"CategoryName":"VuGen.Replay","Offset":44670,"Length":21,"TypeId":1}],"MetadataTypes":[{"CategoryName":"VuGen.Replay","MetadataTypeName":"HP.LR.Vugen.Iteration","Id":1},{"CategoryName":"VuGen.Replay","MetadataTypeName":"HP.LR.Vugen.NotifyTransaction","Id":2},{"CategoryName":"VuGen.Replay","MetadataTypeName":"Utt.Debugger.Error","Id":3},{"CategoryName":"VuGen.Replay","MetadataTypeName":"HP.LR.Vugen.NotifyAny","Id":4}]}