[
    {
        "actionName": "Action",
        "steps": [
            {
                "stepId": "STEP17",
                "stepName": "Url: welcome.pl",
                "infFile": "t2.inf",
                "time": 1681756709217
            },
            {
                "stepId": "STEP18",
                "stepName": "Submit Data: login.pl",
                "infFile": "t3.inf",
                "time": 1681756709695
            },
            {
                "stepId": "STEP19",
                "stepName": "Url: Itinerary Button",
                "infFile": "t4.inf",
                "time": 1681756710129
            },
            {
                "stepId": "STEP20",
                "stepName": "Url: SignOff Button",
                "infFile": "t5.inf",
                "time": 1681756710534
            }
        ],
        "transactions": [
            {
                "transactionName": "home_page",
                "rawStartTime": 1681756708756,
                "rawEndTime": 1681756709233,
                "thinkTime": 0.0,
                "wastedTime": 0.041158437728881839
            },
            {
                "transactionName": "login",
                "rawStartTime": 1681756709266,
                "rawEndTime": 1681756709708,
                "thinkTime": 0.0,
                "wastedTime": 0.05196070671081543
            },
            {
                "transactionName": "itinerary_click",
                "rawStartTime": 1681756709741,
                "rawEndTime": 1681756710137,
                "thinkTime": 0.0,
                "wastedTime": 0.08020496368408203
            },
            {
                "transactionName": "sign_off",
                "rawStartTime": 1681756710170,
                "rawEndTime": 1681756710547,
                "thinkTime": 0.0,
                "wastedTime": 0.10114598274230957
            },
            {
                "transactionName": "itinerary",
                "rawStartTime": 1681756708740,
                "rawEndTime": 1681756710563,
                "thinkTime": 0.0,
                "wastedTime": 0.27447009086608889
            }
        ]
    }
]