[
    {
        "actionName": "Action",
        "steps": [
            {
                "stepId": "STEP13",
                "stepName": "Url: welcome.pl",
                "infFile": "t2.inf",
                "time": 1681756707546
            },
            {
                "stepId": "STEP14",
                "stepName": "Submit Data: login.pl",
                "infFile": "t3.inf",
                "time": 1681756707982
            },
            {
                "stepId": "STEP15",
                "stepName": "Url: Itinerary Button",
                "infFile": "t4.inf",
                "time": 1681756708328
            },
            {
                "stepId": "STEP16",
                "stepName": "Url: SignOff Button",
                "infFile": "t5.inf",
                "time": 1681756708666
            }
        ],
        "transactions": [
            {
                "transactionName": "home_page",
                "rawStartTime": 1681756706991,
                "rawEndTime": 1681756707548,
                "thinkTime": 0.0,
                "wastedTime": 0.1083066463470459
            },
            {
                "transactionName": "login",
                "rawStartTime": 1681756707580,
                "rawEndTime": 1681756707994,
                "thinkTime": 0.0,
                "wastedTime": 0.047267913818359378
            },
            {
                "transactionName": "itinerary_click",
                "rawStartTime": 1681756708026,
                "rawEndTime": 1681756708343,
                "thinkTime": 0.0,
                "wastedTime": 0.02392292022705078
            },
            {
                "transactionName": "sign_off",
                "rawStartTime": 1681756708375,
                "rawEndTime": 1681756708676,
                "thinkTime": 0.0,
                "wastedTime": 0.047646284103393558
            },
            {
                "transactionName": "itinerary",
                "rawStartTime": 1681756706975,
                "rawEndTime": 1681756708692,
                "thinkTime": 0.0,
                "wastedTime": 0.2271437644958496
            }
        ]
    }
]