{"OutputFileHashSum":"F2F46F21E09256C77A63394092668AC7E2C52658E6842BE1E6CADCD140D6DD6B","Converted":true,"OutputModifyDate":"2023-04-17T18:04:23.5846993Z","Metadatas":[{"CategoryName":"VuGen.Replay","Offset":553,"Length":23,"TypeId":1},{"CategoryName":"VuGen.Replay","Offset":679,"Length":57,"TypeId":2},{"CategoryName":"VuGen.Replay","Offset":736,"Length":55,"TypeId":2},{"CategoryName":"VuGen.Replay","Offset":3654,"Length":114,"TypeId":2},{"CategoryName":"VuGen.Replay","Offset":3768,"Length":52,"TypeId":2},{"CategoryName":"VuGen.Replay","Offset":5871,"Length":110,"TypeId":2},{"CategoryName":"VuGen.Replay","Offset":5981,"Length":53,"TypeId":2},{"CategoryName":"VuGen.Replay","Offset":7079,"Length":112,"TypeId":2},{"CategoryName":"VuGen.Replay","Offset":7191,"Length":117,"TypeId":2},{"CategoryName":"VuGen.Replay","Offset":7331,"Length":21,"TypeId":1}],"MetadataTypes":[{"CategoryName":"VuGen.Replay","MetadataTypeName":"HP.LR.Vugen.Iteration","Id":1},{"CategoryName":"VuGen.Replay","MetadataTypeName":"HP.LR.Vugen.NotifyTransaction","Id":2}]}