[
    {
        "actionName": "Action",
        "steps": [
            {
                "stepId": "STEP1",
                "stepName": "Url: welcome.pl",
                "infFile": "t1.inf",
                "time": 1681814220600
            },
            {
                "stepId": "STEP2",
                "stepName": "Url: login.pl",
                "infFile": "t2.inf",
                "time": 1681814220860
            },
            {
                "stepId": "STEP3",
                "stepName": "Submit Data: login.pl_2",
                "infFile": "t3.inf",
                "time": 1681814221027
            },
            {
                "stepId": "STEP4",
                "stepName": "Url: button_next.gif",
                "infFile": "t4.inf",
                "time": 1681814221333
            }
        ],
        "transactions": [
            {
                "transactionName": "open_home_page",
                "rawStartTime": 1681814219617,
                "rawEndTime": 1681814220616,
                "thinkTime": 0.0,
                "wastedTime": 0.3588595390319824
            },
            {
                "transactionName": "sign_upnow",
                "rawStartTime": 1681814220648,
                "rawEndTime": 1681814220865,
                "thinkTime": 0.0,
                "wastedTime": 0.011237859725952149
            },
            {
                "transactionName": "customerProfile",
                "rawStartTime": 1681814220897,
                "rawEndTime": 1681814221053,
                "thinkTime": 0.0,
                "wastedTime": 0.008903026580810547
            },
            {
                "transactionName": "continue",
                "rawStartTime": 1681814221085,
                "rawEndTime": 1681814221350,
                "thinkTime": 0.0,
                "wastedTime": 0.019233226776123048
            },
            {
                "transactionName": "UC5_sign_up",
                "rawStartTime": 1681814219604,
                "rawEndTime": 1681814221365,
                "thinkTime": 0.0,
                "wastedTime": 0.39823365211486819
            }
        ]
    }
]