[
    {
        "actionName": "Action",
        "steps": [
            {
                "stepId": "STEP1",
                "stepName": "Url: welcome.pl",
                "infFile": "t2.inf",
                "time": 1681754662933
            },
            {
                "stepId": "STEP2",
                "stepName": "Submit Data: login.pl",
                "infFile": "t3.inf",
                "time": 1681754663286
            },
            {
                "stepId": "STEP3",
                "stepName": "Url: SignOff Button",
                "infFile": "t4.inf",
                "time": 1681754663510
            }
        ],
        "transactions": [
            {
                "transactionName": "home_page",
                "rawStartTime": 1681754662176,
                "rawEndTime": 1681754662940,
                "thinkTime": 0.0,
                "wastedTime": 0.24580836296081544
            },
            {
                "transactionName": "login",
                "rawStartTime": 1681754662972,
                "rawEndTime": 1681754663290,
                "thinkTime": 0.0,
                "wastedTime": 0.015766620635986329
            },
            {
                "transactionName": "logOut",
                "rawStartTime": 1681754663307,
                "rawEndTime": 1681754663514,
                "thinkTime": 0.0,
                "wastedTime": 0.029711484909057618
            },
            {
                "transactionName": "LoginLogout",
                "rawStartTime": 1681754662162,
                "rawEndTime": 1681754663530,
                "thinkTime": 0.0,
                "wastedTime": 0.2912864685058594
            }
        ]
    }
]