[
    {
        "actionName": "Action",
        "steps": [
            {
                "stepId": "STEP1",
                "stepName": "Url: welcome.pl",
                "infFile": "t2.inf",
                "time": 1681813183591
            },
            {
                "stepId": "STEP2",
                "stepName": "Submit Data: login.pl",
                "infFile": "t3.inf",
                "time": 1681813183958
            },
            {
                "stepId": "STEP3",
                "stepName": "Url: Search Flights Button",
                "infFile": "t4.inf",
                "time": 1681813184368
            },
            {
                "stepId": "STEP4",
                "stepName": "Submit Data: reservations.pl",
                "infFile": "t5.inf",
                "time": 1681813184682
            }
        ],
        "transactions": [
            {
                "transactionName": "open_home_page",
                "rawStartTime": 1681813182808,
                "rawEndTime": 1681813183604,
                "thinkTime": 0.0,
                "wastedTime": 0.288362979888916
            },
            {
                "transactionName": "login",
                "rawStartTime": 1681813183636,
                "rawEndTime": 1681813183964,
                "thinkTime": 0.0,
                "wastedTime": 0.03845071792602539
            },
            {
                "transactionName": "click_flights",
                "rawStartTime": 1681813183995,
                "rawEndTime": 1681813184385,
                "thinkTime": 0.0,
                "wastedTime": 0.057341814041137698
            },
            {
                "transactionName": "find_flight",
                "rawStartTime": 1681813184417,
                "rawEndTime": 1681813184698,
                "thinkTime": 0.0,
                "wastedTime": 0.013145208358764649
            },
            {
                "transactionName": "UC4_search_tickets",
                "rawStartTime": 1681813182794,
                "rawEndTime": 1681813184713,
                "thinkTime": 0.0,
                "wastedTime": 0.39730072021484377
            }
        ]
    }
]