[
    {
        "actionName": "Action",
        "steps": [
            {
                "stepId": "STEP9",
                "stepName": "Url: welcome.pl",
                "infFile": "t2.inf",
                "time": 1681756705777
            },
            {
                "stepId": "STEP10",
                "stepName": "Submit Data: login.pl",
                "infFile": "t3.inf",
                "time": 1681756706134
            },
            {
                "stepId": "STEP11",
                "stepName": "Url: Itinerary Button",
                "infFile": "t4.inf",
                "time": 1681756706525
            },
            {
                "stepId": "STEP12",
                "stepName": "Url: SignOff Button",
                "infFile": "t5.inf",
                "time": 1681756706917
            }
        ],
        "transactions": [
            {
                "transactionName": "home_page",
                "rawStartTime": 1681756705265,
                "rawEndTime": 1681756705787,
                "thinkTime": 0.0,
                "wastedTime": 0.05576586723327637
            },
            {
                "transactionName": "login",
                "rawStartTime": 1681756705819,
                "rawEndTime": 1681756706137,
                "thinkTime": 0.0,
                "wastedTime": 0.031123638153076173
            },
            {
                "transactionName": "itinerary_click",
                "rawStartTime": 1681756706168,
                "rawEndTime": 1681756706531,
                "thinkTime": 0.0,
                "wastedTime": 0.04161834716796875
            },
            {
                "transactionName": "sign_off",
                "rawStartTime": 1681756706563,
                "rawEndTime": 1681756706926,
                "thinkTime": 0.0,
                "wastedTime": 0.06492853164672852
            },
            {
                "transactionName": "itinerary",
                "rawStartTime": 1681756705250,
                "rawEndTime": 1681756706943,
                "thinkTime": 0.0,
                "wastedTime": 0.1934363842010498
            }
        ]
    }
]