{"OutputFileHashSum":"71C67ABF4EE0E175B62B7AEBBCDD42619B1AE02DDEA4BEEA1A454855EBEB02FB","Converted":true,"OutputModifyDate":"2023-04-17T16:17:04.6914736Z","Metadatas":[],"MetadataTypes":[{"CategoryName":"VuGen.Replay","MetadataTypeName":"HP.LR.Vugen.Iteration","Id":1},{"CategoryName":"VuGen.Replay","MetadataTypeName":"HP.LR.Vugen.NotifyTransaction","Id":2},{"CategoryName":"VuGen.Replay","MetadataTypeName":"Utt.Debugger.Error","Id":3},{"CategoryName":"VuGen.Replay","MetadataTypeName":"HP.LR.Vugen.NotifyAny","Id":4}]}