﻿<DataObject comparison="Ordinal">
  <Section id="">
    <Subsections>
      <Section id="General">
        <Subsections />
        <Entries>
          <Entry key="ElapsedTime">
            <double>6.857987</double>
          </Entry>
          <Entry key="StartedAt">
            <dateTime>2023-04-17T20:17:02.1542881+04:00</dateTime>
          </Entry>
          <Entry key="EndedAt">
            <dateTime>2023-04-17T20:17:09.0122751+04:00</dateTime>
          </Entry>
          <Entry key="ReplayStatus">
            <LastReplayRunStatus>Failed</LastReplayRunStatus>
          </Entry>
          <Entry key="NumberOfReplayErrors">
            <int>1</int>
          </Entry>
          <Entry key="NumberOfReplayCriticalErrors">
            <int>1</int>
          </Entry>
          <Entry key="NumberOfCompilationErrors">
            <int>0</int>
          </Entry>
        </Entries>
      </Section>
    </Subsections>
    <Entries>
      <Entry key="Iterations">
        <int>1</int>
      </Entry>
    </Entries>
  </Section>
</DataObject>