<?xml version="1.0" encoding="utf-8"?>
<VugenScriptMetadata>
  <ScriptName>WebHttpHtml3</ScriptName>
  <Protocol>Web - HTTP/HTML</Protocol>
  <ActionFiles>
    <FileEntry Name="vuser_init.c" Filter="2" />
    <FileEntry Name="Action.c" Filter="2" />
    <FileEntry Name="vuser_end.c" Filter="2" />
  </ActionFiles>
  <GeneralFiles>
    <FileEntry Name="WebHttpHtml3.usr" Filter="4" />
    <FileEntry Name="default.cfg" Filter="4" />
    <FileEntry Name="default.usp" Filter="4" />
    <FileEntry Name="WebHttpHtml3.prm" Filter="2" />
    <FileEntry Name="globals.h" Filter="2" />
    <FileEntry Name="combined_WebHttpHtml3.c" Filter="2" />
    <FileEntry Name="pre_cci.c" Filter="2" />
    <FileEntry Name="105435903440.idx" Filter="1" />
    <FileEntry Name="109479908440.idx" Filter="1" />
    <FileEntry Name="116649164440.idx" Filter="1" />
    <FileEntry Name="14308961440.idx" Filter="1" />
    <FileEntry Name="181237609440.idx" Filter="1" />
    <FileEntry Name="190195172440.idx" Filter="1" />
    <FileEntry Name="21108564440.idx" Filter="1" />
    <FileEntry Name="2110856444_0pj.167.idx" Filter="1" />
    <FileEntry Name="2110856444_3Xf.385.idx" Filter="1" />
    <FileEntry Name="2110856444_cPi.629.idx" Filter="1" />
    <FileEntry Name="2110856444_cSL.167.idx" Filter="1" />
    <FileEntry Name="2110856444_mPE.507.idx" Filter="1" />
    <FileEntry Name="2110856444_Npz.479.idx" Filter="1" />
    <FileEntry Name="2110856444_R71.267.idx" Filter="1" />
    <FileEntry Name="2110856444_s0H.401.idx" Filter="1" />
    <FileEntry Name="2110856444_UCN.819.idx" Filter="1" />
    <FileEntry Name="2110856444_uWe.495.idx" Filter="1" />
    <FileEntry Name="2110856444_wgi.955.idx" Filter="1" />
    <FileEntry Name="2110856444_wju.461.idx" Filter="1" />
    <FileEntry Name="2110856444_x2S.737.idx" Filter="1" />
    <FileEntry Name="2110856444_Xgd.735.idx" Filter="1" />
    <FileEntry Name="2110856444_Y4V.111.idx" Filter="1" />
    <FileEntry Name="2110856444_Zk6.353.idx" Filter="1" />
    <FileEntry Name="214680292440.idx" Filter="1" />
    <FileEntry Name="219385473440.idx" Filter="1" />
    <FileEntry Name="251046176440.idx" Filter="1" />
    <FileEntry Name="255522308440.idx" Filter="1" />
    <FileEntry Name="255719012440.idx" Filter="1" />
    <FileEntry Name="262562685440.idx" Filter="1" />
    <FileEntry Name="26670746440.idx" Filter="1" />
    <FileEntry Name="29499735440.idx" Filter="1" />
    <FileEntry Name="33012206440.idx" Filter="1" />
    <FileEntry Name="39133396440.idx" Filter="1" />
    <FileEntry Name="51512996440.idx" Filter="1" />
    <FileEntry Name="76676927440.idx" Filter="1" />
    <FileEntry Name="77020243440.idx" Filter="1" />
    <FileEntry Name="79208393440.idx" Filter="1" />
    <FileEntry Name="84970857440.idx" Filter="1" />
    <FileEntry Name="95620913440.idx" Filter="1" />
    <FileEntry Name="adress_1.dat" Filter="1" />
    <FileEntry Name="adress_2.dat" Filter="1" />
    <FileEntry Name="advance_discount.dat" Filter="1" />
    <FileEntry Name="arrive_city.dat" Filter="1" />
    <FileEntry Name="Bookmarks.xml" Filter="1" />
    <FileEntry Name="Breakpoints.xml" Filter="1" />
    <FileEntry Name="Cities.dat" Filter="1" />
    <FileEntry Name="CompilerLogMetadata.xml" Filter="1" />
    <FileEntry Name="credit_card.dat" Filter="1" />
    <FileEntry Name="depart_city.dat" Filter="1" />
    <FileEntry Name="depart_date.dat" Filter="1" />
    <FileEntry Name="exp_date.dat" Filter="1" />
    <FileEntry Name="first_name.dat" Filter="1" />
    <FileEntry Name="last_name.dat" Filter="1" />
    <FileEntry Name="logfile.log" Filter="1" />
    <FileEntry Name="mdrv.log" Filter="1" />
    <FileEntry Name="mdrv_cmd.txt" Filter="1" />
    <FileEntry Name="num_passengers.dat" Filter="1" />
    <FileEntry Name="options.txt" Filter="1" />
    <FileEntry Name="outbound_flight.dat" Filter="1" />
    <FileEntry Name="output.bak" Filter="1" />
    <FileEntry Name="output.txt" Filter="1" />
    <FileEntry Name="OutputColoringDatabase.json" Filter="1" />
    <FileEntry Name="Password.dat" Filter="1" />
    <FileEntry Name="pass_1.dat" Filter="1" />
    <FileEntry Name="Profile.dat" Filter="1" />
    <FileEntry Name="ReplaySummaryReport.xml" Filter="1" />
    <FileEntry Name="returnDate.dat" Filter="1" />
    <FileEntry Name="return_date.dat" Filter="1" />
    <FileEntry Name="ScriptUploadMetadata.xml" Filter="1" />
    <FileEntry Name="seats.dat" Filter="1" />
    <FileEntry Name="ThumbnailsCache.tmp" Filter="1" />
    <FileEntry Name="TransactionsData.db" Filter="1" />
    <FileEntry Name="userName.dat" Filter="1" />
    <FileEntry Name="UserTasks.xml" Filter="1" />
    <FileEntry Name="WebHttpHtml3.c.pickle" Filter="1" />
    <FileEntry Name="WebHttpHtml3.ci" Filter="1" />
    <FileEntry Name="WebHttpHtml3.prm.bak" Filter="1" />
    <FileEntry Name="data\" Filter="1" />
    <FileEntry Name="result1\" Filter="1" />
  </GeneralFiles>
</VugenScriptMetadata>